,PassengerId,Name,Title,Sex,Age,AgeCategory,FamilyMembers,Pclass,Ticket,Fare,Embarked,C,Q,S,Survived
0,1,"Braund, Mr. Owen Harris",Mr,1,22.0,Teenager,1,3,A/5 21171,7.25,S,0.0,0.0,1.0,0
1,2,"Cumings, Mrs. John Bradley (Florence Briggs Thayer)",Mrs,0,38.0,Adult,1,1,PC 17599,71.2833,C,1.0,0.0,0.0,1
2,3,"Heikkinen, Miss. Laina",Miss,0,26.0,Youngadult,0,3,STON/O2. 3101282,7.925,S,0.0,0.0,1.0,1
3,4,"Futrelle, Mrs. Jacques Heath (Lily May Peel)",Mrs,0,35.0,Youngadult,1,1,113803,53.1,S,0.0,0.0,1.0,1
4,5,"Allen, Mr. William Henry",Mr,1,35.0,Youngadult,0,3,373450,8.05,S,0.0,0.0,1.0,0
5,6,"Moran, Mr. James",Mr,1,28.0,Youngadult,0,3,330877,8.4583,Q,0.0,1.0,0.0,0
6,7,"McCarthy, Mr. Timothy J",Mr,1,54.0,Adult,0,1,17463,51.8625,S,0.0,0.0,1.0,0
7,8,"Palsson, Master. Gosta Leonard",Master,1,2.0,Child,4,3,349909,21.075,S,0.0,0.0,1.0,0
8,9,"Johnson, Mrs. Oscar W (Elisabeth Vilhelmina Berg)",Mrs,0,27.0,Youngadult,2,3,347742,11.1333,S,0.0,0.0,1.0,1
9,10,"Nasser, Mrs. Nicholas (Adele Achem)",Mrs,0,14.0,Teenager,1,2,237736,30.0708,C,1.0,0.0,0.0,1
10,11,"Sandstrom, Miss. Marguerite Rut",Miss,0,4.0,Child,2,3,PP 9549,16.7,S,0.0,0.0,1.0,1
11,12,"Bonnell, Miss. Elizabeth",Miss,0,58.0,Adult,0,1,113783,26.55,S,0.0,0.0,1.0,1
12,13,"Saundercock, Mr. William Henry",Mr,1,20.0,Teenager,0,3,A/5. 2151,8.05,S,0.0,0.0,1.0,0
13,14,"Andersson, Mr. Anders Johan",Mr,1,39.0,Adult,6,3,347082,31.275,S,0.0,0.0,1.0,0
14,15,"Vestrom, Miss. Hulda Amanda Adolfina",Miss,0,14.0,Teenager,0,3,350406,7.8542,S,0.0,0.0,1.0,0
15,16,"Hewlett, Mrs. (Mary D Kingcome) ",Mrs,0,55.0,Adult,0,2,248706,16.0,S,0.0,0.0,1.0,1
16,17,"Rice, Master. Eugene",Master,1,2.0,Child,5,3,382652,29.125,Q,0.0,1.0,0.0,0
17,18,"Williams, Mr. Charles Eugene",Mr,1,28.0,Youngadult,0,2,244373,13.0,S,0.0,0.0,1.0,1
18,19,"Vander Planke, Mrs. Julius (Emelia Maria Vandemoortele)",Mrs,0,31.0,Youngadult,1,3,345763,18.0,S,0.0,0.0,1.0,0
19,20,"Masselmani, Mrs. Fatima",Mrs,0,28.0,Youngadult,0,3,2649,7.225,C,1.0,0.0,0.0,1
20,21,"Fynney, Mr. Joseph J",Mr,1,35.0,Youngadult,0,2,239865,26.0,S,0.0,0.0,1.0,0
21,22,"Beesley, Mr. Lawrence",Mr,1,34.0,Youngadult,0,2,248698,13.0,S,0.0,0.0,1.0,1
22,23,"McGowan, Miss. Anna ""Annie""",Miss,0,15.0,Teenager,0,3,330923,8.0292,Q,0.0,1.0,0.0,1
23,24,"Sloper, Mr. William Thompson",Mr,1,28.0,Youngadult,0,1,113788,35.5,S,0.0,0.0,1.0,1
24,25,"Palsson, Miss. Torborg Danira",Miss,0,8.0,Child,4,3,349909,21.075,S,0.0,0.0,1.0,0
25,26,"Asplund, Mrs. Carl Oscar (Selma Augusta Emilia Johansson)",Mrs,0,38.0,Adult,6,3,347077,31.3875,S,0.0,0.0,1.0,1
26,27,"Emir, Mr. Farred Chehab",Mr,1,28.0,Youngadult,0,3,2631,7.225,C,1.0,0.0,0.0,0
27,28,"Fortune, Mr. Charles Alexander",Mr,1,19.0,Teenager,5,1,19950,263.0,S,0.0,0.0,1.0,0
28,29,"O'Dwyer, Miss. Ellen ""Nellie""",Miss,0,28.0,Youngadult,0,3,330959,7.8792,Q,0.0,1.0,0.0,1
29,30,"Todoroff, Mr. Lalio",Mr,1,28.0,Youngadult,0,3,349216,7.8958,S,0.0,0.0,1.0,0
30,31,"Uruchurtu, Don. Manuel E",Royalty,1,40.0,Adult,0,1,PC 17601,27.7208,C,1.0,0.0,0.0,0
31,32,"Spencer, Mrs. William Augustus (Marie Eugenie)",Mrs,0,28.0,Youngadult,1,1,PC 17569,146.5208,C,1.0,0.0,0.0,1
32,33,"Glynn, Miss. Mary Agatha",Miss,0,28.0,Youngadult,0,3,335677,7.75,Q,0.0,1.0,0.0,1
33,34,"Wheadon, Mr. Edward H",Mr,1,66.0,Elderly,0,2,C.A. 24579,10.5,S,0.0,0.0,1.0,0
34,35,"Meyer, Mr. Edgar Joseph",Mr,1,28.0,Youngadult,1,1,PC 17604,82.1708,C,1.0,0.0,0.0,0
35,36,"Holverson, Mr. Alexander Oskar",Mr,1,42.0,Adult,1,1,113789,52.0,S,0.0,0.0,1.0,0
36,37,"Mamee, Mr. Hanna",Mr,1,28.0,Youngadult,0,3,2677,7.2292,C,1.0,0.0,0.0,1
37,38,"Cann, Mr. Ernest Charles",Mr,1,21.0,Teenager,0,3,A./5. 2152,8.05,S,0.0,0.0,1.0,0
38,39,"Vander Planke, Miss. Augusta Maria",Miss,0,18.0,Teenager,2,3,345764,18.0,S,0.0,0.0,1.0,0
39,40,"Nicola-Yarred, Miss. Jamila",Miss,0,14.0,Teenager,1,3,2651,11.2417,C,1.0,0.0,0.0,1
40,41,"Ahlin, Mrs. Johan (Johanna Persdotter Larsson)",Mrs,0,40.0,Adult,1,3,7546,9.475,S,0.0,0.0,1.0,0
41,42,"Turpin, Mrs. William John Robert (Dorothy Ann Wonnacott)",Mrs,0,27.0,Youngadult,1,2,11668,21.0,S,0.0,0.0,1.0,0
42,43,"Kraeff, Mr. Theodor",Mr,1,28.0,Youngadult,0,3,349253,7.8958,C,1.0,0.0,0.0,0
43,44,"Laroche, Miss. Simonne Marie Anne Andree",Miss,0,3.0,Child,3,2,SC/Paris 2123,41.5792,C,1.0,0.0,0.0,1
44,45,"Devaney, Miss. Margaret Delia",Miss,0,19.0,Teenager,0,3,330958,7.8792,Q,0.0,1.0,0.0,1
45,46,"Rogers, Mr. William John",Mr,1,28.0,Youngadult,0,3,S.C./A.4. 23567,8.05,S,0.0,0.0,1.0,0
46,47,"Lennon, Mr. Denis",Mr,1,28.0,Youngadult,1,3,370371,15.5,Q,0.0,1.0,0.0,0
47,48,"O'Driscoll, Miss. Bridget",Miss,0,28.0,Youngadult,0,3,14311,7.75,Q,0.0,1.0,0.0,1
48,49,"Samaan, Mr. Youssef",Mr,1,28.0,Youngadult,2,3,2662,21.6792,C,1.0,0.0,0.0,0
49,50,"Arnold-Franchi, Mrs. Josef (Josefine Franchi)",Mrs,0,18.0,Teenager,1,3,349237,17.8,S,0.0,0.0,1.0,0
50,51,"Panula, Master. Juha Niilo",Master,1,7.0,Child,5,3,3101295,39.6875,S,0.0,0.0,1.0,0
51,52,"Nosworthy, Mr. Richard Cater",Mr,1,21.0,Teenager,0,3,A/4. 39886,7.8,S,0.0,0.0,1.0,0
52,53,"Harper, Mrs. Henry Sleeper (Myna Haxtun)",Mrs,0,49.0,Adult,1,1,PC 17572,76.7292,C,1.0,0.0,0.0,1
53,54,"Faunthorpe, Mrs. Lizzie (Elizabeth Anne Wilkinson)",Mrs,0,29.0,Youngadult,1,2,2926,26.0,S,0.0,0.0,1.0,1
54,55,"Ostby, Mr. Engelhart Cornelius",Mr,1,65.0,Elderly,1,1,113509,61.9792,C,1.0,0.0,0.0,0
55,56,"Woolner, Mr. Hugh",Mr,1,28.0,Youngadult,0,1,19947,35.5,S,0.0,0.0,1.0,1
56,57,"Rugg, Miss. Emily",Miss,0,21.0,Teenager,0,2,C.A. 31026,10.5,S,0.0,0.0,1.0,1
57,58,"Novel, Mr. Mansouer",Mr,1,28.5,Youngadult,0,3,2697,7.2292,C,1.0,0.0,0.0,0
58,59,"West, Miss. Constance Mirium",Miss,0,5.0,Child,3,2,C.A. 34651,27.75,S,0.0,0.0,1.0,1
59,60,"Goodwin, Master. William Frederick",Master,1,11.0,Child,7,3,CA 2144,46.9,S,0.0,0.0,1.0,0
60,61,"Sirayanian, Mr. Orsen",Mr,1,22.0,Teenager,0,3,2669,7.2292,C,1.0,0.0,0.0,0
61,62,"Icard, Miss. Amelie",Miss,0,38.0,Adult,0,1,113572,80.0,S,0.0,0.0,1.0,1
62,63,"Harris, Mr. Henry Birkhardt",Mr,1,45.0,Adult,1,1,36973,83.475,S,0.0,0.0,1.0,0
63,64,"Skoog, Master. Harald",Master,1,4.0,Child,5,3,347088,27.9,S,0.0,0.0,1.0,0
64,65,"Stewart, Mr. Albert A",Mr,1,28.0,Youngadult,0,1,PC 17605,27.7208,C,1.0,0.0,0.0,0
65,66,"Moubarek, Master. Gerios",Master,1,28.0,Youngadult,2,3,2661,15.2458,C,1.0,0.0,0.0,1
66,67,"Nye, Mrs. (Elizabeth Ramell)",Mrs,0,29.0,Youngadult,0,2,C.A. 29395,10.5,S,0.0,0.0,1.0,1
67,68,"Crease, Mr. Ernest James",Mr,1,19.0,Teenager,0,3,S.P. 3464,8.1583,S,0.0,0.0,1.0,0
68,69,"Andersson, Miss. Erna Alexandra",Miss,0,17.0,Teenager,6,3,3101281,7.925,S,0.0,0.0,1.0,1
69,70,"Kink, Mr. Vincenz",Mr,1,26.0,Youngadult,2,3,315151,8.6625,S,0.0,0.0,1.0,0
70,71,"Jenkin, Mr. Stephen Curnow",Mr,1,32.0,Youngadult,0,2,C.A. 33111,10.5,S,0.0,0.0,1.0,0
71,72,"Goodwin, Miss. Lillian Amy",Miss,0,16.0,Teenager,7,3,CA 2144,46.9,S,0.0,0.0,1.0,0
72,73,"Hood, Mr. Ambrose Jr",Mr,1,21.0,Teenager,0,2,S.O.C. 14879,73.5,S,0.0,0.0,1.0,0
73,74,"Chronopoulos, Mr. Apostolos",Mr,1,26.0,Youngadult,1,3,2680,14.4542,C,1.0,0.0,0.0,0
74,75,"Bing, Mr. Lee",Mr,1,32.0,Youngadult,0,3,1601,56.4958,S,0.0,0.0,1.0,1
75,76,"Moen, Mr. Sigurd Hansen",Mr,1,25.0,Teenager,0,3,348123,7.65,S,0.0,0.0,1.0,0
76,77,"Staneff, Mr. Ivan",Mr,1,28.0,Youngadult,0,3,349208,7.8958,S,0.0,0.0,1.0,0
77,78,"Moutal, Mr. Rahamin Haim",Mr,1,28.0,Youngadult,0,3,374746,8.05,S,0.0,0.0,1.0,0
78,79,"Caldwell, Master. Alden Gates",Master,1,0.83,Child,2,2,248738,29.0,S,0.0,0.0,1.0,1
79,80,"Dowdell, Miss. Elizabeth",Miss,0,30.0,Youngadult,0,3,364516,12.475,S,0.0,0.0,1.0,1
80,81,"Waelens, Mr. Achille",Mr,1,22.0,Teenager,0,3,345767,9.0,S,0.0,0.0,1.0,0
81,82,"Sheerlinck, Mr. Jan Baptist",Mr,1,29.0,Youngadult,0,3,345779,9.5,S,0.0,0.0,1.0,1
82,83,"McDermott, Miss. Brigdet Delia",Miss,0,28.0,Youngadult,0,3,330932,7.7875,Q,0.0,1.0,0.0,1
83,84,"Carrau, Mr. Francisco M",Mr,1,28.0,Youngadult,0,1,113059,47.1,S,0.0,0.0,1.0,0
84,85,"Ilett, Miss. Bertha",Miss,0,17.0,Teenager,0,2,SO/C 14885,10.5,S,0.0,0.0,1.0,1
85,86,"Backstrom, Mrs. Karl Alfred (Maria Mathilda Gustafsson)",Mrs,0,33.0,Youngadult,3,3,3101278,15.85,S,0.0,0.0,1.0,1
86,87,"Ford, Mr. William Neal",Mr,1,16.0,Teenager,4,3,W./C. 6608,34.375,S,0.0,0.0,1.0,0
87,88,"Slocovski, Mr. Selman Francis",Mr,1,28.0,Youngadult,0,3,SOTON/OQ 392086,8.05,S,0.0,0.0,1.0,0
88,89,"Fortune, Miss. Mabel Helen",Miss,0,23.0,Teenager,5,1,19950,263.0,S,0.0,0.0,1.0,1
89,90,"Celotti, Mr. Francesco",Mr,1,24.0,Teenager,0,3,343275,8.05,S,0.0,0.0,1.0,0
90,91,"Christmann, Mr. Emil",Mr,1,29.0,Youngadult,0,3,343276,8.05,S,0.0,0.0,1.0,0
91,92,"Andreasson, Mr. Paul Edvin",Mr,1,20.0,Teenager,0,3,347466,7.8542,S,0.0,0.0,1.0,0
92,93,"Chaffee, Mr. Herbert Fuller",Mr,1,46.0,Adult,1,1,W.E.P. 5734,61.175,S,0.0,0.0,1.0,0
93,94,"Dean, Mr. Bertram Frank",Mr,1,26.0,Youngadult,3,3,C.A. 2315,20.575,S,0.0,0.0,1.0,0
94,95,"Coxon, Mr. Daniel",Mr,1,59.0,Adult,0,3,364500,7.25,S,0.0,0.0,1.0,0
95,96,"Shorney, Mr. Charles Joseph",Mr,1,28.0,Youngadult,0,3,374910,8.05,S,0.0,0.0,1.0,0
96,97,"Goldschmidt, Mr. George B",Mr,1,71.0,Elderly,0,1,PC 17754,34.6542,C,1.0,0.0,0.0,0
97,98,"Greenfield, Mr. William Bertram",Mr,1,23.0,Teenager,1,1,PC 17759,63.3583,C,1.0,0.0,0.0,1
98,99,"Doling, Mrs. John T (Ada Julia Bone)",Mrs,0,34.0,Youngadult,1,2,231919,23.0,S,0.0,0.0,1.0,1
99,100,"Kantor, Mr. Sinai",Mr,1,34.0,Youngadult,1,2,244367,26.0,S,0.0,0.0,1.0,0
100,101,"Petranec, Miss. Matilda",Miss,0,28.0,Youngadult,0,3,349245,7.8958,S,0.0,0.0,1.0,0
101,102,"Petroff, Mr. Pastcho (""Pentcho"")",Mr,1,28.0,Youngadult,0,3,349215,7.8958,S,0.0,0.0,1.0,0
102,103,"White, Mr. Richard Frasar",Mr,1,21.0,Teenager,1,1,35281,77.2875,S,0.0,0.0,1.0,0
103,104,"Johansson, Mr. Gustaf Joel",Mr,1,33.0,Youngadult,0,3,7540,8.6542,S,0.0,0.0,1.0,0
104,105,"Gustafsson, Mr. Anders Vilhelm",Mr,1,37.0,Adult,2,3,3101276,7.925,S,0.0,0.0,1.0,0
105,106,"Mionoff, Mr. Stoytcho",Mr,1,28.0,Youngadult,0,3,349207,7.8958,S,0.0,0.0,1.0,0
106,107,"Salkjelsvik, Miss. Anna Kristine",Miss,0,21.0,Teenager,0,3,343120,7.65,S,0.0,0.0,1.0,1
107,108,"Moss, Mr. Albert Johan",Mr,1,28.0,Youngadult,0,3,312991,7.775,S,0.0,0.0,1.0,1
108,109,"Rekic, Mr. Tido",Mr,1,38.0,Adult,0,3,349249,7.8958,S,0.0,0.0,1.0,0
109,110,"Moran, Miss. Bertha",Miss,0,28.0,Youngadult,1,3,371110,24.15,Q,0.0,1.0,0.0,1
110,111,"Porter, Mr. Walter Chamberlain",Mr,1,47.0,Adult,0,1,110465,52.0,S,0.0,0.0,1.0,0
111,112,"Zabour, Miss. Hileni",Miss,0,14.5,Teenager,1,3,2665,14.4542,C,1.0,0.0,0.0,0
112,113,"Barton, Mr. David John",Mr,1,22.0,Teenager,0,3,324669,8.05,S,0.0,0.0,1.0,0
113,114,"Jussila, Miss. Katriina",Miss,0,20.0,Teenager,1,3,4136,9.825,S,0.0,0.0,1.0,0
114,115,"Attalah, Miss. Malake",Miss,0,17.0,Teenager,0,3,2627,14.4583,C,1.0,0.0,0.0,0
115,116,"Pekoniemi, Mr. Edvard",Mr,1,21.0,Teenager,0,3,STON/O 2. 3101294,7.925,S,0.0,0.0,1.0,0
116,117,"Connors, Mr. Patrick",Mr,1,70.5,Elderly,0,3,370369,7.75,Q,0.0,1.0,0.0,0
117,118,"Turpin, Mr. William John Robert",Mr,1,29.0,Youngadult,1,2,11668,21.0,S,0.0,0.0,1.0,0
118,119,"Baxter, Mr. Quigg Edmond",Mr,1,24.0,Teenager,1,1,PC 17558,247.5208,C,1.0,0.0,0.0,0
119,120,"Andersson, Miss. Ellis Anna Maria",Miss,0,2.0,Child,6,3,347082,31.275,S,0.0,0.0,1.0,0
120,121,"Hickman, Mr. Stanley George",Mr,1,21.0,Teenager,2,2,S.O.C. 14879,73.5,S,0.0,0.0,1.0,0
121,122,"Moore, Mr. Leonard Charles",Mr,1,28.0,Youngadult,0,3,A4. 54510,8.05,S,0.0,0.0,1.0,0
122,123,"Nasser, Mr. Nicholas",Mr,1,32.5,Youngadult,1,2,237736,30.0708,C,1.0,0.0,0.0,0
123,124,"Webber, Miss. Susan",Miss,0,32.5,Youngadult,0,2,27267,13.0,S,0.0,0.0,1.0,1
124,125,"White, Mr. Percival Wayland",Mr,1,54.0,Adult,1,1,35281,77.2875,S,0.0,0.0,1.0,0
125,126,"Nicola-Yarred, Master. Elias",Master,1,12.0,Child,1,3,2651,11.2417,C,1.0,0.0,0.0,1
126,127,"McMahon, Mr. Martin",Mr,1,28.0,Youngadult,0,3,370372,7.75,Q,0.0,1.0,0.0,0
127,128,"Madsen, Mr. Fridtjof Arne",Mr,1,24.0,Teenager,0,3,C 17369,7.1417,S,0.0,0.0,1.0,1
128,129,"Peter, Miss. Anna",Miss,0,28.0,Youngadult,2,3,2668,22.3583,C,1.0,0.0,0.0,1
129,130,"Ekstrom, Mr. Johan",Mr,1,45.0,Adult,0,3,347061,6.975,S,0.0,0.0,1.0,0
130,131,"Drazenoic, Mr. Jozef",Mr,1,33.0,Youngadult,0,3,349241,7.8958,C,1.0,0.0,0.0,0
131,132,"Coelho, Mr. Domingos Fernandeo",Mr,1,20.0,Teenager,0,3,SOTON/O.Q. 3101307,7.05,S,0.0,0.0,1.0,0
132,133,"Robins, Mrs. Alexander A (Grace Charity Laury)",Mrs,0,47.0,Adult,1,3,A/5. 3337,14.5,S,0.0,0.0,1.0,0
133,134,"Weisz, Mrs. Leopold (Mathilde Francoise Pede)",Mrs,0,29.0,Youngadult,1,2,228414,26.0,S,0.0,0.0,1.0,1
134,135,"Sobey, Mr. Samuel James Hayden",Mr,1,25.0,Teenager,0,2,C.A. 29178,13.0,S,0.0,0.0,1.0,0
135,136,"Richard, Mr. Emile",Mr,1,23.0,Teenager,0,2,SC/PARIS 2133,15.0458,C,1.0,0.0,0.0,0
136,137,"Newsom, Miss. Helen Monypeny",Miss,0,19.0,Teenager,2,1,11752,26.2833,S,0.0,0.0,1.0,1
137,138,"Futrelle, Mr. Jacques Heath",Mr,1,37.0,Adult,1,1,113803,53.1,S,0.0,0.0,1.0,0
138,139,"Osen, Mr. Olaf Elon",Mr,1,16.0,Teenager,0,3,7534,9.2167,S,0.0,0.0,1.0,0
139,140,"Giglio, Mr. Victor",Mr,1,24.0,Teenager,0,1,PC 17593,79.2,C,1.0,0.0,0.0,0
140,141,"Boulos, Mrs. Joseph (Sultana)",Mrs,0,28.0,Youngadult,2,3,2678,15.2458,C,1.0,0.0,0.0,0
141,142,"Nysten, Miss. Anna Sofia",Miss,0,22.0,Teenager,0,3,347081,7.75,S,0.0,0.0,1.0,1
142,143,"Hakkarainen, Mrs. Pekka Pietari (Elin Matilda Dolck)",Mrs,0,24.0,Teenager,1,3,STON/O2. 3101279,15.85,S,0.0,0.0,1.0,1
143,144,"Burke, Mr. Jeremiah",Mr,1,19.0,Teenager,0,3,365222,6.75,Q,0.0,1.0,0.0,0
144,145,"Andrew, Mr. Edgardo Samuel",Mr,1,18.0,Teenager,0,2,231945,11.5,S,0.0,0.0,1.0,0
145,146,"Nicholls, Mr. Joseph Charles",Mr,1,19.0,Teenager,2,2,C.A. 33112,36.75,S,0.0,0.0,1.0,0
146,147,"Andersson, Mr. August Edvard (""Wennerstrom"")",Mr,1,27.0,Youngadult,0,3,350043,7.7958,S,0.0,0.0,1.0,1
147,148,"Ford, Miss. Robina Maggie ""Ruby""",Miss,0,9.0,Child,4,3,W./C. 6608,34.375,S,0.0,0.0,1.0,0
148,149,"Navratil, Mr. Michel (""Louis M Hoffman"")",Mr,1,36.5,Adult,2,2,230080,26.0,S,0.0,0.0,1.0,0
149,150,"Byles, Rev. Thomas Roussel Davids",Officer,1,42.0,Adult,0,2,244310,13.0,S,0.0,0.0,1.0,0
150,151,"Bateman, Rev. Robert James",Officer,1,51.0,Adult,0,2,S.O.P. 1166,12.525,S,0.0,0.0,1.0,0
151,152,"Pears, Mrs. Thomas (Edith Wearne)",Mrs,0,22.0,Teenager,1,1,113776,66.6,S,0.0,0.0,1.0,1
152,153,"Meo, Mr. Alfonzo",Mr,1,55.5,Adult,0,3,A.5. 11206,8.05,S,0.0,0.0,1.0,0
153,154,"van Billiard, Mr. Austin Blyler",Mr,1,40.5,Adult,2,3,A/5. 851,14.5,S,0.0,0.0,1.0,0
154,155,"Olsen, Mr. Ole Martin",Mr,1,28.0,Youngadult,0,3,Fa 265302,7.3125,S,0.0,0.0,1.0,0
155,156,"Williams, Mr. Charles Duane",Mr,1,51.0,Adult,1,1,PC 17597,61.3792,C,1.0,0.0,0.0,0
156,157,"Gilnagh, Miss. Katherine ""Katie""",Miss,0,16.0,Teenager,0,3,35851,7.7333,Q,0.0,1.0,0.0,1
157,158,"Corn, Mr. Harry",Mr,1,30.0,Youngadult,0,3,SOTON/OQ 392090,8.05,S,0.0,0.0,1.0,0
158,159,"Smiljanic, Mr. Mile",Mr,1,28.0,Youngadult,0,3,315037,8.6625,S,0.0,0.0,1.0,0
159,160,"Sage, Master. Thomas Henry",Master,1,28.0,Youngadult,10,3,CA. 2343,69.55,S,0.0,0.0,1.0,0
160,161,"Cribb, Mr. John Hatfield",Mr,1,44.0,Adult,1,3,371362,16.1,S,0.0,0.0,1.0,0
161,162,"Watt, Mrs. James (Elizabeth ""Bessie"" Inglis Milne)",Mrs,0,40.0,Adult,0,2,C.A. 33595,15.75,S,0.0,0.0,1.0,1
162,163,"Bengtsson, Mr. John Viktor",Mr,1,26.0,Youngadult,0,3,347068,7.775,S,0.0,0.0,1.0,0
163,164,"Calic, Mr. Jovo",Mr,1,17.0,Teenager,0,3,315093,8.6625,S,0.0,0.0,1.0,0
164,165,"Panula, Master. Eino Viljami",Master,1,1.0,Child,5,3,3101295,39.6875,S,0.0,0.0,1.0,0
165,166,"Goldsmith, Master. Frank John William ""Frankie""",Master,1,9.0,Child,2,3,363291,20.525,S,0.0,0.0,1.0,1
166,167,"Chibnall, Mrs. (Edith Martha Bowerman)",Mrs,0,28.0,Youngadult,1,1,113505,55.0,S,0.0,0.0,1.0,1
167,168,"Skoog, Mrs. William (Anna Bernhardina Karlsson)",Mrs,0,45.0,Adult,5,3,347088,27.9,S,0.0,0.0,1.0,0
168,169,"Baumann, Mr. John D",Mr,1,28.0,Youngadult,0,1,PC 17318,25.925,S,0.0,0.0,1.0,0
169,170,"Ling, Mr. Lee",Mr,1,28.0,Youngadult,0,3,1601,56.4958,S,0.0,0.0,1.0,0
170,171,"Van der hoef, Mr. Wyckoff",Mr,1,61.0,Elderly,0,1,111240,33.5,S,0.0,0.0,1.0,0
171,172,"Rice, Master. Arthur",Master,1,4.0,Child,5,3,382652,29.125,Q,0.0,1.0,0.0,0
172,173,"Johnson, Miss. Eleanor Ileen",Miss,0,1.0,Child,2,3,347742,11.1333,S,0.0,0.0,1.0,1
173,174,"Sivola, Mr. Antti Wilhelm",Mr,1,21.0,Teenager,0,3,STON/O 2. 3101280,7.925,S,0.0,0.0,1.0,0
174,175,"Smith, Mr. James Clinch",Mr,1,56.0,Adult,0,1,17764,30.6958,C,1.0,0.0,0.0,0
175,176,"Klasen, Mr. Klas Albin",Mr,1,18.0,Teenager,2,3,350404,7.8542,S,0.0,0.0,1.0,0
176,177,"Lefebre, Master. Henry Forbes",Master,1,28.0,Youngadult,4,3,4133,25.4667,S,0.0,0.0,1.0,0
177,178,"Isham, Miss. Ann Elizabeth",Miss,0,50.0,Adult,0,1,PC 17595,28.7125,C,1.0,0.0,0.0,0
178,179,"Hale, Mr. Reginald",Mr,1,30.0,Youngadult,0,2,250653,13.0,S,0.0,0.0,1.0,0
179,180,"Leonard, Mr. Lionel",Mr,1,36.0,Adult,0,3,LINE,0.0,S,0.0,0.0,1.0,0
180,181,"Sage, Miss. Constance Gladys",Miss,0,28.0,Youngadult,10,3,CA. 2343,69.55,S,0.0,0.0,1.0,0
181,182,"Pernot, Mr. Rene",Mr,1,28.0,Youngadult,0,2,SC/PARIS 2131,15.05,C,1.0,0.0,0.0,0
182,183,"Asplund, Master. Clarence Gustaf Hugo",Master,1,9.0,Child,6,3,347077,31.3875,S,0.0,0.0,1.0,0
183,184,"Becker, Master. Richard F",Master,1,1.0,Child,3,2,230136,39.0,S,0.0,0.0,1.0,1
184,185,"Kink-Heilmann, Miss. Luise Gretchen",Miss,0,4.0,Child,2,3,315153,22.025,S,0.0,0.0,1.0,1
185,186,"Rood, Mr. Hugh Roscoe",Mr,1,28.0,Youngadult,0,1,113767,50.0,S,0.0,0.0,1.0,0
186,187,"O'Brien, Mrs. Thomas (Johanna ""Hannah"" Godfrey)",Mrs,0,28.0,Youngadult,1,3,370365,15.5,Q,0.0,1.0,0.0,1
187,188,"Romaine, Mr. Charles Hallace (""Mr C Rolmane"")",Mr,1,45.0,Adult,0,1,111428,26.55,S,0.0,0.0,1.0,1
188,189,"Bourke, Mr. John",Mr,1,40.0,Adult,2,3,364849,15.5,Q,0.0,1.0,0.0,0
189,190,"Turcin, Mr. Stjepan",Mr,1,36.0,Adult,0,3,349247,7.8958,S,0.0,0.0,1.0,0
190,191,"Pinsky, Mrs. (Rosa)",Mrs,0,32.0,Youngadult,0,2,234604,13.0,S,0.0,0.0,1.0,1
191,192,"Carbines, Mr. William",Mr,1,19.0,Teenager,0,2,28424,13.0,S,0.0,0.0,1.0,0
192,193,"Andersen-Jensen, Miss. Carla Christine Nielsine",Miss,0,19.0,Teenager,1,3,350046,7.8542,S,0.0,0.0,1.0,1
193,194,"Navratil, Master. Michel M",Master,1,3.0,Child,2,2,230080,26.0,S,0.0,0.0,1.0,1
194,195,"Brown, Mrs. James Joseph (Margaret Tobin)",Mrs,0,44.0,Adult,0,1,PC 17610,27.7208,C,1.0,0.0,0.0,1
195,196,"Lurette, Miss. Elise",Miss,0,58.0,Adult,0,1,PC 17569,146.5208,C,1.0,0.0,0.0,1
196,197,"Mernagh, Mr. Robert",Mr,1,28.0,Youngadult,0,3,368703,7.75,Q,0.0,1.0,0.0,0
197,198,"Olsen, Mr. Karl Siegwart Andreas",Mr,1,42.0,Adult,1,3,4579,8.4042,S,0.0,0.0,1.0,0
198,199,"Madigan, Miss. Margaret ""Maggie""",Miss,0,28.0,Youngadult,0,3,370370,7.75,Q,0.0,1.0,0.0,1
199,200,"Yrois, Miss. Henriette (""Mrs Harbeck"")",Miss,0,24.0,Teenager,0,2,248747,13.0,S,0.0,0.0,1.0,0
200,201,"Vande Walle, Mr. Nestor Cyriel",Mr,1,28.0,Youngadult,0,3,345770,9.5,S,0.0,0.0,1.0,0
201,202,"Sage, Mr. Frederick",Mr,1,28.0,Youngadult,10,3,CA. 2343,69.55,S,0.0,0.0,1.0,0
202,203,"Johanson, Mr. Jakob Alfred",Mr,1,34.0,Youngadult,0,3,3101264,6.4958,S,0.0,0.0,1.0,0
203,204,"Youseff, Mr. Gerious",Mr,1,45.5,Adult,0,3,2628,7.225,C,1.0,0.0,0.0,0
204,205,"Cohen, Mr. Gurshon ""Gus""",Mr,1,18.0,Teenager,0,3,A/5 3540,8.05,S,0.0,0.0,1.0,1
205,206,"Strom, Miss. Telma Matilda",Miss,0,2.0,Child,1,3,347054,10.4625,S,0.0,0.0,1.0,0
206,207,"Backstrom, Mr. Karl Alfred",Mr,1,32.0,Youngadult,1,3,3101278,15.85,S,0.0,0.0,1.0,0
207,208,"Albimona, Mr. Nassef Cassem",Mr,1,26.0,Youngadult,0,3,2699,18.7875,C,1.0,0.0,0.0,1
208,209,"Carr, Miss. Helen ""Ellen""",Miss,0,16.0,Teenager,0,3,367231,7.75,Q,0.0,1.0,0.0,1
209,210,"Blank, Mr. Henry",Mr,1,40.0,Adult,0,1,112277,31.0,C,1.0,0.0,0.0,1
210,211,"Ali, Mr. Ahmed",Mr,1,24.0,Teenager,0,3,SOTON/O.Q. 3101311,7.05,S,0.0,0.0,1.0,0
211,212,"Cameron, Miss. Clear Annie",Miss,0,35.0,Youngadult,0,2,F.C.C. 13528,21.0,S,0.0,0.0,1.0,1
212,213,"Perkin, Mr. John Henry",Mr,1,22.0,Teenager,0,3,A/5 21174,7.25,S,0.0,0.0,1.0,0
213,214,"Givard, Mr. Hans Kristensen",Mr,1,30.0,Youngadult,0,2,250646,13.0,S,0.0,0.0,1.0,0
214,215,"Kiernan, Mr. Philip",Mr,1,28.0,Youngadult,1,3,367229,7.75,Q,0.0,1.0,0.0,0
215,216,"Newell, Miss. Madeleine",Miss,0,31.0,Youngadult,1,1,35273,113.275,C,1.0,0.0,0.0,1
216,217,"Honkanen, Miss. Eliina",Miss,0,27.0,Youngadult,0,3,STON/O2. 3101283,7.925,S,0.0,0.0,1.0,1
217,218,"Jacobsohn, Mr. Sidney Samuel",Mr,1,42.0,Adult,1,2,243847,27.0,S,0.0,0.0,1.0,0
218,219,"Bazzani, Miss. Albina",Miss,0,32.0,Youngadult,0,1,11813,76.2917,C,1.0,0.0,0.0,1
219,220,"Harris, Mr. Walter",Mr,1,30.0,Youngadult,0,2,W/C 14208,10.5,S,0.0,0.0,1.0,0
220,221,"Sunderland, Mr. Victor Francis",Mr,1,16.0,Teenager,0,3,SOTON/OQ 392089,8.05,S,0.0,0.0,1.0,1
221,222,"Bracken, Mr. James H",Mr,1,27.0,Youngadult,0,2,220367,13.0,S,0.0,0.0,1.0,0
222,223,"Green, Mr. George Henry",Mr,1,51.0,Adult,0,3,21440,8.05,S,0.0,0.0,1.0,0
223,224,"Nenkoff, Mr. Christo",Mr,1,28.0,Youngadult,0,3,349234,7.8958,S,0.0,0.0,1.0,0
224,225,"Hoyt, Mr. Frederick Maxfield",Mr,1,38.0,Adult,1,1,19943,90.0,S,0.0,0.0,1.0,1
225,226,"Berglund, Mr. Karl Ivar Sven",Mr,1,22.0,Teenager,0,3,PP 4348,9.35,S,0.0,0.0,1.0,0
226,227,"Mellors, Mr. William John",Mr,1,19.0,Teenager,0,2,SW/PP 751,10.5,S,0.0,0.0,1.0,1
227,228,"Lovell, Mr. John Hall (""Henry"")",Mr,1,20.5,Teenager,0,3,A/5 21173,7.25,S,0.0,0.0,1.0,0
228,229,"Fahlstrom, Mr. Arne Jonas",Mr,1,18.0,Teenager,0,2,236171,13.0,S,0.0,0.0,1.0,0
229,230,"Lefebre, Miss. Mathilde",Miss,0,28.0,Youngadult,4,3,4133,25.4667,S,0.0,0.0,1.0,0
230,231,"Harris, Mrs. Henry Birkhardt (Irene Wallach)",Mrs,0,35.0,Youngadult,1,1,36973,83.475,S,0.0,0.0,1.0,1
231,232,"Larsson, Mr. Bengt Edvin",Mr,1,29.0,Youngadult,0,3,347067,7.775,S,0.0,0.0,1.0,0
232,233,"Sjostedt, Mr. Ernst Adolf",Mr,1,59.0,Adult,0,2,237442,13.5,S,0.0,0.0,1.0,0
233,234,"Asplund, Miss. Lillian Gertrud",Miss,0,5.0,Child,6,3,347077,31.3875,S,0.0,0.0,1.0,1
234,235,"Leyson, Mr. Robert William Norman",Mr,1,24.0,Teenager,0,2,C.A. 29566,10.5,S,0.0,0.0,1.0,0
235,236,"Harknett, Miss. Alice Phoebe",Miss,0,28.0,Youngadult,0,3,W./C. 6609,7.55,S,0.0,0.0,1.0,0
236,237,"Hold, Mr. Stephen",Mr,1,44.0,Adult,1,2,26707,26.0,S,0.0,0.0,1.0,0
237,238,"Collyer, Miss. Marjorie ""Lottie""",Miss,0,8.0,Child,2,2,C.A. 31921,26.25,S,0.0,0.0,1.0,1
238,239,"Pengelly, Mr. Frederick William",Mr,1,19.0,Teenager,0,2,28665,10.5,S,0.0,0.0,1.0,0
239,240,"Hunt, Mr. George Henry",Mr,1,33.0,Youngadult,0,2,SCO/W 1585,12.275,S,0.0,0.0,1.0,0
240,241,"Zabour, Miss. Thamine",Miss,0,28.0,Youngadult,1,3,2665,14.4542,C,1.0,0.0,0.0,0
241,242,"Murphy, Miss. Katherine ""Kate""",Miss,0,28.0,Youngadult,1,3,367230,15.5,Q,0.0,1.0,0.0,1
242,243,"Coleridge, Mr. Reginald Charles",Mr,1,29.0,Youngadult,0,2,W./C. 14263,10.5,S,0.0,0.0,1.0,0
243,244,"Maenpaa, Mr. Matti Alexanteri",Mr,1,22.0,Teenager,0,3,STON/O 2. 3101275,7.125,S,0.0,0.0,1.0,0
244,245,"Attalah, Mr. Sleiman",Mr,1,30.0,Youngadult,0,3,2694,7.225,C,1.0,0.0,0.0,0
245,246,"Minahan, Dr. William Edward",Officer,1,44.0,Adult,2,1,19928,90.0,Q,0.0,1.0,0.0,0
246,247,"Lindahl, Miss. Agda Thorilda Viktoria",Miss,0,25.0,Teenager,0,3,347071,7.775,S,0.0,0.0,1.0,0
247,248,"Hamalainen, Mrs. William (Anna)",Mrs,0,24.0,Teenager,2,2,250649,14.5,S,0.0,0.0,1.0,1
248,249,"Beckwith, Mr. Richard Leonard",Mr,1,37.0,Adult,2,1,11751,52.5542,S,0.0,0.0,1.0,1
249,250,"Carter, Rev. Ernest Courtenay",Officer,1,54.0,Adult,1,2,244252,26.0,S,0.0,0.0,1.0,0
250,251,"Reed, Mr. James George",Mr,1,28.0,Youngadult,0,3,362316,7.25,S,0.0,0.0,1.0,0
251,252,"Strom, Mrs. Wilhelm (Elna Matilda Persson)",Mrs,0,29.0,Youngadult,2,3,347054,10.4625,S,0.0,0.0,1.0,0
252,253,"Stead, Mr. William Thomas",Mr,1,62.0,Elderly,0,1,113514,26.55,S,0.0,0.0,1.0,0
253,254,"Lobb, Mr. William Arthur",Mr,1,30.0,Youngadult,1,3,A/5. 3336,16.1,S,0.0,0.0,1.0,0
254,255,"Rosblom, Mrs. Viktor (Helena Wilhelmina)",Mrs,0,41.0,Adult,2,3,370129,20.2125,S,0.0,0.0,1.0,0
255,256,"Touma, Mrs. Darwis (Hanne Youssef Razi)",Mrs,0,29.0,Youngadult,2,3,2650,15.2458,C,1.0,0.0,0.0,1
256,257,"Thorne, Mrs. Gertrude Maybelle",Mrs,0,28.0,Youngadult,0,1,PC 17585,79.2,C,1.0,0.0,0.0,1
257,258,"Cherry, Miss. Gladys",Miss,0,30.0,Youngadult,0,1,110152,86.5,S,0.0,0.0,1.0,1
259,260,"Parrish, Mrs. (Lutie Davis)",Mrs,0,50.0,Adult,1,2,230433,26.0,S,0.0,0.0,1.0,1
260,261,"Smith, Mr. Thomas",Mr,1,28.0,Youngadult,0,3,384461,7.75,Q,0.0,1.0,0.0,0
261,262,"Asplund, Master. Edvin Rojj Felix",Master,1,3.0,Child,6,3,347077,31.3875,S,0.0,0.0,1.0,1
262,263,"Taussig, Mr. Emil",Mr,1,52.0,Adult,2,1,110413,79.65,S,0.0,0.0,1.0,0
263,264,"Harrison, Mr. William",Mr,1,40.0,Adult,0,1,112059,0.0,S,0.0,0.0,1.0,0
264,265,"Henry, Miss. Delia",Miss,0,28.0,Youngadult,0,3,382649,7.75,Q,0.0,1.0,0.0,0
265,266,"Reeves, Mr. David",Mr,1,36.0,Adult,0,2,C.A. 17248,10.5,S,0.0,0.0,1.0,0
266,267,"Panula, Mr. Ernesti Arvid",Mr,1,16.0,Teenager,5,3,3101295,39.6875,S,0.0,0.0,1.0,0
267,268,"Persson, Mr. Ernst Ulrik",Mr,1,25.0,Teenager,1,3,347083,7.775,S,0.0,0.0,1.0,1
268,269,"Graham, Mrs. William Thompson (Edith Junkins)",Mrs,0,58.0,Adult,1,1,PC 17582,153.4625,S,0.0,0.0,1.0,1
269,270,"Bissette, Miss. Amelia",Miss,0,35.0,Youngadult,0,1,PC 17760,135.6333,S,0.0,0.0,1.0,1
270,271,"Cairns, Mr. Alexander",Mr,1,28.0,Youngadult,0,1,113798,31.0,S,0.0,0.0,1.0,0
271,272,"Tornquist, Mr. William Henry",Mr,1,25.0,Teenager,0,3,LINE,0.0,S,0.0,0.0,1.0,1
272,273,"Mellinger, Mrs. (Elizabeth Anne Maidment)",Mrs,0,41.0,Adult,1,2,250644,19.5,S,0.0,0.0,1.0,1
273,274,"Natsch, Mr. Charles H",Mr,1,37.0,Adult,1,1,PC 17596,29.7,C,1.0,0.0,0.0,0
274,275,"Healy, Miss. Hanora ""Nora""",Miss,0,28.0,Youngadult,0,3,370375,7.75,Q,0.0,1.0,0.0,1
275,276,"Andrews, Miss. Kornelia Theodosia",Miss,0,63.0,Elderly,1,1,13502,77.9583,S,0.0,0.0,1.0,1
276,277,"Lindblom, Miss. Augusta Charlotta",Miss,0,45.0,Adult,0,3,347073,7.75,S,0.0,0.0,1.0,0
277,278,"Parkes, Mr. Francis ""Frank""",Mr,1,28.0,Youngadult,0,2,239853,0.0,S,0.0,0.0,1.0,0
278,279,"Rice, Master. Eric",Master,1,7.0,Child,5,3,382652,29.125,Q,0.0,1.0,0.0,0
279,280,"Abbott, Mrs. Stanton (Rosa Hunt)",Mrs,0,35.0,Youngadult,2,3,C.A. 2673,20.25,S,0.0,0.0,1.0,1
280,281,"Duane, Mr. Frank",Mr,1,65.0,Elderly,0,3,336439,7.75,Q,0.0,1.0,0.0,0
281,282,"Olsson, Mr. Nils Johan Goransson",Mr,1,28.0,Youngadult,0,3,347464,7.8542,S,0.0,0.0,1.0,0
282,283,"de Pelsmaeker, Mr. Alfons",Mr,1,16.0,Teenager,0,3,345778,9.5,S,0.0,0.0,1.0,0
283,284,"Dorking, Mr. Edward Arthur",Mr,1,19.0,Teenager,0,3,A/5. 10482,8.05,S,0.0,0.0,1.0,1
284,285,"Smith, Mr. Richard William",Mr,1,28.0,Youngadult,0,1,113056,26.0,S,0.0,0.0,1.0,0
285,286,"Stankovic, Mr. Ivan",Mr,1,33.0,Youngadult,0,3,349239,8.6625,C,1.0,0.0,0.0,0
286,287,"de Mulder, Mr. Theodore",Mr,1,30.0,Youngadult,0,3,345774,9.5,S,0.0,0.0,1.0,1
287,288,"Naidenoff, Mr. Penko",Mr,1,22.0,Teenager,0,3,349206,7.8958,S,0.0,0.0,1.0,0
288,289,"Hosono, Mr. Masabumi",Mr,1,42.0,Adult,0,2,237798,13.0,S,0.0,0.0,1.0,1
289,290,"Connolly, Miss. Kate",Miss,0,22.0,Teenager,0,3,370373,7.75,Q,0.0,1.0,0.0,1
290,291,"Barber, Miss. Ellen ""Nellie""",Miss,0,26.0,Youngadult,0,1,19877,78.85,S,0.0,0.0,1.0,1
291,292,"Bishop, Mrs. Dickinson H (Helen Walton)",Mrs,0,19.0,Teenager,1,1,11967,91.0792,C,1.0,0.0,0.0,1
292,293,"Levy, Mr. Rene Jacques",Mr,1,36.0,Adult,0,2,SC/Paris 2163,12.875,C,1.0,0.0,0.0,0
293,294,"Haas, Miss. Aloisia",Miss,0,24.0,Teenager,0,3,349236,8.85,S,0.0,0.0,1.0,0
294,295,"Mineff, Mr. Ivan",Mr,1,24.0,Teenager,0,3,349233,7.8958,S,0.0,0.0,1.0,0
295,296,"Lewy, Mr. Ervin G",Mr,1,28.0,Youngadult,0,1,PC 17612,27.7208,C,1.0,0.0,0.0,0
296,297,"Hanna, Mr. Mansour",Mr,1,23.5,Teenager,0,3,2693,7.2292,C,1.0,0.0,0.0,0
297,298,"Allison, Miss. Helen Loraine",Miss,0,2.0,Child,3,1,113781,151.55,S,0.0,0.0,1.0,0
298,299,"Saalfeld, Mr. Adolphe",Mr,1,28.0,Youngadult,0,1,19988,30.5,S,0.0,0.0,1.0,1
299,300,"Baxter, Mrs. James (Helene DeLaudeniere Chaput)",Mrs,0,50.0,Adult,1,1,PC 17558,247.5208,C,1.0,0.0,0.0,1
300,301,"Kelly, Miss. Anna Katherine ""Annie Kate""",Miss,0,28.0,Youngadult,0,3,9234,7.75,Q,0.0,1.0,0.0,1
301,302,"McCoy, Mr. Bernard",Mr,1,28.0,Youngadult,2,3,367226,23.25,Q,0.0,1.0,0.0,1
302,303,"Johnson, Mr. William Cahoone Jr",Mr,1,19.0,Teenager,0,3,LINE,0.0,S,0.0,0.0,1.0,0
303,304,"Keane, Miss. Nora A",Miss,0,28.0,Youngadult,0,2,226593,12.35,Q,0.0,1.0,0.0,1
304,305,"Williams, Mr. Howard Hugh ""Harry""",Mr,1,28.0,Youngadult,0,3,A/5 2466,8.05,S,0.0,0.0,1.0,0
305,306,"Allison, Master. Hudson Trevor",Master,1,0.92,Child,3,1,113781,151.55,S,0.0,0.0,1.0,1
306,307,"Fleming, Miss. Margaret",Miss,0,28.0,Youngadult,0,1,17421,110.8833,C,1.0,0.0,0.0,1
307,308,"Penasco y Castellana, Mrs. Victor de Satode (Maria Josefa Perez de Soto y Vallejo)",Mrs,0,17.0,Teenager,1,1,PC 17758,108.9,C,1.0,0.0,0.0,1
308,309,"Abelson, Mr. Samuel",Mr,1,30.0,Youngadult,1,2,P/PP 3381,24.0,C,1.0,0.0,0.0,0
309,310,"Francatelli, Miss. Laura Mabel",Miss,0,30.0,Youngadult,0,1,PC 17485,56.9292,C,1.0,0.0,0.0,1
310,311,"Hays, Miss. Margaret Bechstein",Miss,0,24.0,Teenager,0,1,11767,83.1583,C,1.0,0.0,0.0,1
311,312,"Ryerson, Miss. Emily Borie",Miss,0,18.0,Teenager,4,1,PC 17608,262.375,C,1.0,0.0,0.0,1
312,313,"Lahtinen, Mrs. William (Anna Sylfven)",Mrs,0,26.0,Youngadult,2,2,250651,26.0,S,0.0,0.0,1.0,0
313,314,"Hendekovic, Mr. Ignjac",Mr,1,28.0,Youngadult,0,3,349243,7.8958,S,0.0,0.0,1.0,0
314,315,"Hart, Mr. Benjamin",Mr,1,43.0,Adult,2,2,F.C.C. 13529,26.25,S,0.0,0.0,1.0,0
315,316,"Nilsson, Miss. Helmina Josefina",Miss,0,26.0,Youngadult,0,3,347470,7.8542,S,0.0,0.0,1.0,1
316,317,"Kantor, Mrs. Sinai (Miriam Sternin)",Mrs,0,24.0,Teenager,1,2,244367,26.0,S,0.0,0.0,1.0,1
317,318,"Moraweck, Dr. Ernest",Officer,1,54.0,Adult,0,2,29011,14.0,S,0.0,0.0,1.0,0
318,319,"Wick, Miss. Mary Natalie",Miss,0,31.0,Youngadult,2,1,36928,164.8667,S,0.0,0.0,1.0,1
319,320,"Spedden, Mrs. Frederic Oakley (Margaretta Corning Stone)",Mrs,0,40.0,Adult,2,1,16966,134.5,C,1.0,0.0,0.0,1
320,321,"Dennis, Mr. Samuel",Mr,1,22.0,Teenager,0,3,A/5 21172,7.25,S,0.0,0.0,1.0,0
321,322,"Danoff, Mr. Yoto",Mr,1,27.0,Youngadult,0,3,349219,7.8958,S,0.0,0.0,1.0,0
322,323,"Slayter, Miss. Hilda Mary",Miss,0,30.0,Youngadult,0,2,234818,12.35,Q,0.0,1.0,0.0,1
323,324,"Caldwell, Mrs. Albert Francis (Sylvia Mae Harbaugh)",Mrs,0,22.0,Teenager,2,2,248738,29.0,S,0.0,0.0,1.0,1
324,325,"Sage, Mr. George John Jr",Mr,1,28.0,Youngadult,10,3,CA. 2343,69.55,S,0.0,0.0,1.0,0
325,326,"Young, Miss. Marie Grice",Miss,0,36.0,Adult,0,1,PC 17760,135.6333,C,1.0,0.0,0.0,1
326,327,"Nysveen, Mr. Johan Hansen",Mr,1,61.0,Elderly,0,3,345364,6.2375,S,0.0,0.0,1.0,0
327,328,"Ball, Mrs. (Ada E Hall)",Mrs,0,36.0,Adult,0,2,28551,13.0,S,0.0,0.0,1.0,1
328,329,"Goldsmith, Mrs. Frank John (Emily Alice Brown)",Mrs,0,31.0,Youngadult,2,3,363291,20.525,S,0.0,0.0,1.0,1
329,330,"Hippach, Miss. Jean Gertrude",Miss,0,16.0,Teenager,1,1,111361,57.9792,C,1.0,0.0,0.0,1
330,331,"McCoy, Miss. Agnes",Miss,0,28.0,Youngadult,2,3,367226,23.25,Q,0.0,1.0,0.0,1
331,332,"Partner, Mr. Austen",Mr,1,45.5,Adult,0,1,113043,28.5,S,0.0,0.0,1.0,0
332,333,"Graham, Mr. George Edward",Mr,1,38.0,Adult,1,1,PC 17582,153.4625,S,0.0,0.0,1.0,0
333,334,"Vander Planke, Mr. Leo Edmondus",Mr,1,16.0,Teenager,2,3,345764,18.0,S,0.0,0.0,1.0,0
334,335,"Frauenthal, Mrs. Henry William (Clara Heinsheimer)",Mrs,0,28.0,Youngadult,1,1,PC 17611,133.65,S,0.0,0.0,1.0,1
335,336,"Denkoff, Mr. Mitto",Mr,1,28.0,Youngadult,0,3,349225,7.8958,S,0.0,0.0,1.0,0
336,337,"Pears, Mr. Thomas Clinton",Mr,1,29.0,Youngadult,1,1,113776,66.6,S,0.0,0.0,1.0,0
337,338,"Burns, Miss. Elizabeth Margaret",Miss,0,41.0,Adult,0,1,16966,134.5,C,1.0,0.0,0.0,1
338,339,"Dahl, Mr. Karl Edwart",Mr,1,45.0,Adult,0,3,7598,8.05,S,0.0,0.0,1.0,1
339,340,"Blackwell, Mr. Stephen Weart",Mr,1,45.0,Adult,0,1,113784,35.5,S,0.0,0.0,1.0,0
340,341,"Navratil, Master. Edmond Roger",Master,1,2.0,Child,2,2,230080,26.0,S,0.0,0.0,1.0,1
341,342,"Fortune, Miss. Alice Elizabeth",Miss,0,24.0,Teenager,5,1,19950,263.0,S,0.0,0.0,1.0,1
342,343,"Collander, Mr. Erik Gustaf",Mr,1,28.0,Youngadult,0,2,248740,13.0,S,0.0,0.0,1.0,0
343,344,"Sedgwick, Mr. Charles Frederick Waddington",Mr,1,25.0,Teenager,0,2,244361,13.0,S,0.0,0.0,1.0,0
344,345,"Fox, Mr. Stanley Hubert",Mr,1,36.0,Adult,0,2,229236,13.0,S,0.0,0.0,1.0,0
345,346,"Brown, Miss. Amelia ""Mildred""",Miss,0,24.0,Teenager,0,2,248733,13.0,S,0.0,0.0,1.0,1
346,347,"Smith, Miss. Marion Elsie",Miss,0,40.0,Adult,0,2,31418,13.0,S,0.0,0.0,1.0,1
347,348,"Davison, Mrs. Thomas Henry (Mary E Finck)",Mrs,0,28.0,Youngadult,1,3,386525,16.1,S,0.0,0.0,1.0,1
348,349,"Coutts, Master. William Loch ""William""",Master,1,3.0,Child,2,3,C.A. 37671,15.9,S,0.0,0.0,1.0,1
349,350,"Dimic, Mr. Jovan",Mr,1,42.0,Adult,0,3,315088,8.6625,S,0.0,0.0,1.0,0
350,351,"Odahl, Mr. Nils Martin",Mr,1,23.0,Teenager,0,3,7267,9.225,S,0.0,0.0,1.0,0
351,352,"Williams-Lambert, Mr. Fletcher Fellows",Mr,1,28.0,Youngadult,0,1,113510,35.0,S,0.0,0.0,1.0,0
352,353,"Elias, Mr. Tannous",Mr,1,15.0,Teenager,2,3,2695,7.2292,C,1.0,0.0,0.0,0
353,354,"Arnold-Franchi, Mr. Josef",Mr,1,25.0,Teenager,1,3,349237,17.8,S,0.0,0.0,1.0,0
354,355,"Yousif, Mr. Wazli",Mr,1,28.0,Youngadult,0,3,2647,7.225,C,1.0,0.0,0.0,0
355,356,"Vanden Steen, Mr. Leo Peter",Mr,1,28.0,Youngadult,0,3,345783,9.5,S,0.0,0.0,1.0,0
356,357,"Bowerman, Miss. Elsie Edith",Miss,0,22.0,Teenager,1,1,113505,55.0,S,0.0,0.0,1.0,1
357,358,"Funk, Miss. Annie Clemmer",Miss,0,38.0,Adult,0,2,237671,13.0,S,0.0,0.0,1.0,0
358,359,"McGovern, Miss. Mary",Miss,0,28.0,Youngadult,0,3,330931,7.8792,Q,0.0,1.0,0.0,1
359,360,"Mockler, Miss. Helen Mary ""Ellie""",Miss,0,28.0,Youngadult,0,3,330980,7.8792,Q,0.0,1.0,0.0,1
360,361,"Skoog, Mr. Wilhelm",Mr,1,40.0,Adult,5,3,347088,27.9,S,0.0,0.0,1.0,0
361,362,"del Carlo, Mr. Sebastiano",Mr,1,29.0,Youngadult,1,2,SC/PARIS 2167,27.7208,C,1.0,0.0,0.0,0
362,363,"Barbara, Mrs. (Catherine David)",Mrs,0,45.0,Adult,1,3,2691,14.4542,C,1.0,0.0,0.0,0
363,364,"Asim, Mr. Adola",Mr,1,35.0,Youngadult,0,3,SOTON/O.Q. 3101310,7.05,S,0.0,0.0,1.0,0
364,365,"O'Brien, Mr. Thomas",Mr,1,28.0,Youngadult,1,3,370365,15.5,Q,0.0,1.0,0.0,0
365,366,"Adahl, Mr. Mauritz Nils Martin",Mr,1,30.0,Youngadult,0,3,C 7076,7.25,S,0.0,0.0,1.0,0
366,367,"Warren, Mrs. Frank Manley (Anna Sophia Atkinson)",Mrs,0,60.0,Adult,1,1,110813,75.25,C,1.0,0.0,0.0,1
367,368,"Moussa, Mrs. (Mantoura Boulos)",Mrs,0,28.0,Youngadult,0,3,2626,7.2292,C,1.0,0.0,0.0,1
368,369,"Jermyn, Miss. Annie",Miss,0,28.0,Youngadult,0,3,14313,7.75,Q,0.0,1.0,0.0,1
369,370,"Aubart, Mme. Leontine Pauline",Mrs,0,24.0,Teenager,0,1,PC 17477,69.3,C,1.0,0.0,0.0,1
370,371,"Harder, Mr. George Achilles",Mr,1,25.0,Teenager,1,1,11765,55.4417,C,1.0,0.0,0.0,1
371,372,"Wiklund, Mr. Jakob Alfred",Mr,1,18.0,Teenager,1,3,3101267,6.4958,S,0.0,0.0,1.0,0
372,373,"Beavan, Mr. William Thomas",Mr,1,19.0,Teenager,0,3,323951,8.05,S,0.0,0.0,1.0,0
373,374,"Ringhini, Mr. Sante",Mr,1,22.0,Teenager,0,1,PC 17760,135.6333,C,1.0,0.0,0.0,0
374,375,"Palsson, Miss. Stina Viola",Miss,0,3.0,Child,4,3,349909,21.075,S,0.0,0.0,1.0,0
375,376,"Meyer, Mrs. Edgar Joseph (Leila Saks)",Mrs,0,28.0,Youngadult,1,1,PC 17604,82.1708,C,1.0,0.0,0.0,1
376,377,"Landergren, Miss. Aurora Adelia",Miss,0,22.0,Teenager,0,3,C 7077,7.25,S,0.0,0.0,1.0,1
377,378,"Widener, Mr. Harry Elkins",Mr,1,27.0,Youngadult,2,1,113503,211.5,C,1.0,0.0,0.0,0
378,379,"Betros, Mr. Tannous",Mr,1,20.0,Teenager,0,3,2648,4.0125,C,1.0,0.0,0.0,0
379,380,"Gustafsson, Mr. Karl Gideon",Mr,1,19.0,Teenager,0,3,347069,7.775,S,0.0,0.0,1.0,0
380,381,"Bidois, Miss. Rosalie",Miss,0,42.0,Adult,0,1,PC 17757,227.525,C,1.0,0.0,0.0,1
381,382,"Nakid, Miss. Maria (""Mary"")",Miss,0,1.0,Child,2,3,2653,15.7417,C,1.0,0.0,0.0,1
382,383,"Tikkanen, Mr. Juho",Mr,1,32.0,Youngadult,0,3,STON/O 2. 3101293,7.925,S,0.0,0.0,1.0,0
383,384,"Holverson, Mrs. Alexander Oskar (Mary Aline Towner)",Mrs,0,35.0,Youngadult,1,1,113789,52.0,S,0.0,0.0,1.0,1
384,385,"Plotcharsky, Mr. Vasil",Mr,1,28.0,Youngadult,0,3,349227,7.8958,S,0.0,0.0,1.0,0
385,386,"Davies, Mr. Charles Henry",Mr,1,18.0,Teenager,0,2,S.O.C. 14879,73.5,S,0.0,0.0,1.0,0
386,387,"Goodwin, Master. Sidney Leonard",Master,1,1.0,Child,7,3,CA 2144,46.9,S,0.0,0.0,1.0,0
387,388,"Buss, Miss. Kate",Miss,0,36.0,Adult,0,2,27849,13.0,S,0.0,0.0,1.0,1
388,389,"Sadlier, Mr. Matthew",Mr,1,28.0,Youngadult,0,3,367655,7.7292,Q,0.0,1.0,0.0,0
389,390,"Lehmann, Miss. Bertha",Miss,0,17.0,Teenager,0,2,SC 1748,12.0,C,1.0,0.0,0.0,1
390,391,"Carter, Mr. William Ernest",Mr,1,36.0,Adult,3,1,113760,120.0,S,0.0,0.0,1.0,1
391,392,"Jansson, Mr. Carl Olof",Mr,1,21.0,Teenager,0,3,350034,7.7958,S,0.0,0.0,1.0,1
392,393,"Gustafsson, Mr. Johan Birger",Mr,1,28.0,Youngadult,2,3,3101277,7.925,S,0.0,0.0,1.0,0
393,394,"Newell, Miss. Marjorie",Miss,0,23.0,Teenager,1,1,35273,113.275,C,1.0,0.0,0.0,1
394,395,"Sandstrom, Mrs. Hjalmar (Agnes Charlotta Bengtsson)",Mrs,0,24.0,Teenager,2,3,PP 9549,16.7,S,0.0,0.0,1.0,1
395,396,"Johansson, Mr. Erik",Mr,1,22.0,Teenager,0,3,350052,7.7958,S,0.0,0.0,1.0,0
396,397,"Olsson, Miss. Elina",Miss,0,31.0,Youngadult,0,3,350407,7.8542,S,0.0,0.0,1.0,0
397,398,"McKane, Mr. Peter David",Mr,1,46.0,Adult,0,2,28403,26.0,S,0.0,0.0,1.0,0
398,399,"Pain, Dr. Alfred",Officer,1,23.0,Teenager,0,2,244278,10.5,S,0.0,0.0,1.0,0
399,400,"Trout, Mrs. William H (Jessie L)",Mrs,0,28.0,Youngadult,0,2,240929,12.65,S,0.0,0.0,1.0,1
400,401,"Niskanen, Mr. Juha",Mr,1,39.0,Adult,0,3,STON/O 2. 3101289,7.925,S,0.0,0.0,1.0,1
401,402,"Adams, Mr. John",Mr,1,26.0,Youngadult,0,3,341826,8.05,S,0.0,0.0,1.0,0
402,403,"Jussila, Miss. Mari Aina",Miss,0,21.0,Teenager,1,3,4137,9.825,S,0.0,0.0,1.0,0
403,404,"Hakkarainen, Mr. Pekka Pietari",Mr,1,28.0,Youngadult,1,3,STON/O2. 3101279,15.85,S,0.0,0.0,1.0,0
404,405,"Oreskovic, Miss. Marija",Miss,0,20.0,Teenager,0,3,315096,8.6625,S,0.0,0.0,1.0,0
405,406,"Gale, Mr. Shadrach",Mr,1,34.0,Youngadult,1,2,28664,21.0,S,0.0,0.0,1.0,0
406,407,"Widegren, Mr. Carl/Charles Peter",Mr,1,51.0,Adult,0,3,347064,7.75,S,0.0,0.0,1.0,0
407,408,"Richards, Master. William Rowe",Master,1,3.0,Child,2,2,29106,18.75,S,0.0,0.0,1.0,1
408,409,"Birkeland, Mr. Hans Martin Monsen",Mr,1,21.0,Teenager,0,3,312992,7.775,S,0.0,0.0,1.0,0
409,410,"Lefebre, Miss. Ida",Miss,0,28.0,Youngadult,4,3,4133,25.4667,S,0.0,0.0,1.0,0
410,411,"Sdycoff, Mr. Todor",Mr,1,28.0,Youngadult,0,3,349222,7.8958,S,0.0,0.0,1.0,0
411,412,"Hart, Mr. Henry",Mr,1,28.0,Youngadult,0,3,394140,6.8583,Q,0.0,1.0,0.0,0
412,413,"Minahan, Miss. Daisy E",Miss,0,33.0,Youngadult,1,1,19928,90.0,Q,0.0,1.0,0.0,1
413,414,"Cunningham, Mr. Alfred Fleming",Mr,1,28.0,Youngadult,0,2,239853,0.0,S,0.0,0.0,1.0,0
414,415,"Sundman, Mr. Johan Julian",Mr,1,44.0,Adult,0,3,STON/O 2. 3101269,7.925,S,0.0,0.0,1.0,1
415,416,"Meek, Mrs. Thomas (Annie Louise Rowley)",Mrs,0,28.0,Youngadult,0,3,343095,8.05,S,0.0,0.0,1.0,0
416,417,"Drew, Mrs. James Vivian (Lulu Thorne Christian)",Mrs,0,34.0,Youngadult,2,2,28220,32.5,S,0.0,0.0,1.0,1
417,418,"Silven, Miss. Lyyli Karoliina",Miss,0,18.0,Teenager,2,2,250652,13.0,S,0.0,0.0,1.0,1
418,419,"Matthews, Mr. William John",Mr,1,30.0,Youngadult,0,2,28228,13.0,S,0.0,0.0,1.0,0
419,420,"Van Impe, Miss. Catharina",Miss,0,10.0,Child,2,3,345773,24.15,S,0.0,0.0,1.0,0
420,421,"Gheorgheff, Mr. Stanio",Mr,1,28.0,Youngadult,0,3,349254,7.8958,C,1.0,0.0,0.0,0
421,422,"Charters, Mr. David",Mr,1,21.0,Teenager,0,3,A/5. 13032,7.7333,Q,0.0,1.0,0.0,0
422,423,"Zimmerman, Mr. Leo",Mr,1,29.0,Youngadult,0,3,315082,7.875,S,0.0,0.0,1.0,0
423,424,"Danbom, Mrs. Ernst Gilbert (Anna Sigrid Maria Brogren)",Mrs,0,28.0,Youngadult,2,3,347080,14.4,S,0.0,0.0,1.0,0
424,425,"Rosblom, Mr. Viktor Richard",Mr,1,18.0,Teenager,2,3,370129,20.2125,S,0.0,0.0,1.0,0
425,426,"Wiseman, Mr. Phillippe",Mr,1,28.0,Youngadult,0,3,A/4. 34244,7.25,S,0.0,0.0,1.0,0
426,427,"Clarke, Mrs. Charles V (Ada Maria Winfield)",Mrs,0,28.0,Youngadult,1,2,2003,26.0,S,0.0,0.0,1.0,1
427,428,"Phillips, Miss. Kate Florence (""Mrs Kate Louise Phillips Marshall"")",Miss,0,19.0,Teenager,0,2,250655,26.0,S,0.0,0.0,1.0,1
428,429,"Flynn, Mr. James",Mr,1,28.0,Youngadult,0,3,364851,7.75,Q,0.0,1.0,0.0,0
429,430,"Pickard, Mr. Berk (Berk Trembisky)",Mr,1,32.0,Youngadult,0,3,SOTON/O.Q. 392078,8.05,S,0.0,0.0,1.0,1
430,431,"Bjornstrom-Steffansson, Mr. Mauritz Hakan",Mr,1,28.0,Youngadult,0,1,110564,26.55,S,0.0,0.0,1.0,1
431,432,"Thorneycroft, Mrs. Percival (Florence Kate White)",Mrs,0,28.0,Youngadult,1,3,376564,16.1,S,0.0,0.0,1.0,1
432,433,"Louch, Mrs. Charles Alexander (Alice Adelaide Slow)",Mrs,0,42.0,Adult,1,2,SC/AH 3085,26.0,S,0.0,0.0,1.0,1
433,434,"Kallio, Mr. Nikolai Erland",Mr,1,17.0,Teenager,0,3,STON/O 2. 3101274,7.125,S,0.0,0.0,1.0,0
434,435,"Silvey, Mr. William Baird",Mr,1,50.0,Adult,1,1,13507,55.9,S,0.0,0.0,1.0,0
435,436,"Carter, Miss. Lucile Polk",Miss,0,14.0,Teenager,3,1,113760,120.0,S,0.0,0.0,1.0,1
436,437,"Ford, Miss. Doolina Margaret ""Daisy""",Miss,0,21.0,Teenager,4,3,W./C. 6608,34.375,S,0.0,0.0,1.0,0
437,438,"Richards, Mrs. Sidney (Emily Hocking)",Mrs,0,24.0,Teenager,5,2,29106,18.75,S,0.0,0.0,1.0,1
438,439,"Fortune, Mr. Mark",Mr,1,64.0,Elderly,5,1,19950,263.0,S,0.0,0.0,1.0,0
439,440,"Kvillner, Mr. Johan Henrik Johannesson",Mr,1,31.0,Youngadult,0,2,C.A. 18723,10.5,S,0.0,0.0,1.0,0
440,441,"Hart, Mrs. Benjamin (Esther Ada Bloomfield)",Mrs,0,45.0,Adult,2,2,F.C.C. 13529,26.25,S,0.0,0.0,1.0,1
441,442,"Hampe, Mr. Leon",Mr,1,20.0,Teenager,0,3,345769,9.5,S,0.0,0.0,1.0,0
442,443,"Petterson, Mr. Johan Emil",Mr,1,25.0,Teenager,1,3,347076,7.775,S,0.0,0.0,1.0,0
443,444,"Reynaldo, Ms. Encarnacion",Miss,0,28.0,Youngadult,0,2,230434,13.0,S,0.0,0.0,1.0,1
444,445,"Johannesen-Bratthammer, Mr. Bernt",Mr,1,28.0,Youngadult,0,3,65306,8.1125,S,0.0,0.0,1.0,1
445,446,"Dodge, Master. Washington",Master,1,4.0,Child,2,1,33638,81.8583,S,0.0,0.0,1.0,1
446,447,"Mellinger, Miss. Madeleine Violet",Miss,0,13.0,Teenager,1,2,250644,19.5,S,0.0,0.0,1.0,1
447,448,"Seward, Mr. Frederic Kimber",Mr,1,34.0,Youngadult,0,1,113794,26.55,S,0.0,0.0,1.0,1
448,449,"Baclini, Miss. Marie Catherine",Miss,0,5.0,Child,3,3,2666,19.2583,C,1.0,0.0,0.0,1
449,450,"Peuchen, Major. Arthur Godfrey",Officer,1,52.0,Adult,0,1,113786,30.5,S,0.0,0.0,1.0,1
450,451,"West, Mr. Edwy Arthur",Mr,1,36.0,Adult,3,2,C.A. 34651,27.75,S,0.0,0.0,1.0,0
451,452,"Hagland, Mr. Ingvald Olai Olsen",Mr,1,28.0,Youngadult,1,3,65303,19.9667,S,0.0,0.0,1.0,0
452,453,"Foreman, Mr. Benjamin Laventall",Mr,1,30.0,Youngadult,0,1,113051,27.75,C,1.0,0.0,0.0,0
453,454,"Goldenberg, Mr. Samuel L",Mr,1,49.0,Adult,1,1,17453,89.1042,C,1.0,0.0,0.0,1
454,455,"Peduzzi, Mr. Joseph",Mr,1,28.0,Youngadult,0,3,A/5 2817,8.05,S,0.0,0.0,1.0,0
455,456,"Jalsevac, Mr. Ivan",Mr,1,29.0,Youngadult,0,3,349240,7.8958,C,1.0,0.0,0.0,1
456,457,"Millet, Mr. Francis Davis",Mr,1,65.0,Elderly,0,1,13509,26.55,S,0.0,0.0,1.0,0
457,458,"Kenyon, Mrs. Frederick R (Marion)",Mrs,0,28.0,Youngadult,1,1,17464,51.8625,S,0.0,0.0,1.0,1
458,459,"Toomey, Miss. Ellen",Miss,0,50.0,Adult,0,2,F.C.C. 13531,10.5,S,0.0,0.0,1.0,1
459,460,"O'Connor, Mr. Maurice",Mr,1,28.0,Youngadult,0,3,371060,7.75,Q,0.0,1.0,0.0,0
460,461,"Anderson, Mr. Harry",Mr,1,48.0,Adult,0,1,19952,26.55,S,0.0,0.0,1.0,1
461,462,"Morley, Mr. William",Mr,1,34.0,Youngadult,0,3,364506,8.05,S,0.0,0.0,1.0,0
462,463,"Gee, Mr. Arthur H",Mr,1,47.0,Adult,0,1,111320,38.5,S,0.0,0.0,1.0,0
463,464,"Milling, Mr. Jacob Christian",Mr,1,48.0,Adult,0,2,234360,13.0,S,0.0,0.0,1.0,0
464,465,"Maisner, Mr. Simon",Mr,1,28.0,Youngadult,0,3,A/S 2816,8.05,S,0.0,0.0,1.0,0
465,466,"Goncalves, Mr. Manuel Estanslas",Mr,1,38.0,Adult,0,3,SOTON/O.Q. 3101306,7.05,S,0.0,0.0,1.0,0
466,467,"Campbell, Mr. William",Mr,1,28.0,Youngadult,0,2,239853,0.0,S,0.0,0.0,1.0,0
467,468,"Smart, Mr. John Montgomery",Mr,1,56.0,Adult,0,1,113792,26.55,S,0.0,0.0,1.0,0
468,469,"Scanlan, Mr. James",Mr,1,28.0,Youngadult,0,3,36209,7.725,Q,0.0,1.0,0.0,0
469,470,"Baclini, Miss. Helene Barbara",Miss,0,0.75,Child,3,3,2666,19.2583,C,1.0,0.0,0.0,1
470,471,"Keefe, Mr. Arthur",Mr,1,28.0,Youngadult,0,3,323592,7.25,S,0.0,0.0,1.0,0
471,472,"Cacic, Mr. Luka",Mr,1,38.0,Adult,0,3,315089,8.6625,S,0.0,0.0,1.0,0
472,473,"West, Mrs. Edwy Arthur (Ada Mary Worth)",Mrs,0,33.0,Youngadult,3,2,C.A. 34651,27.75,S,0.0,0.0,1.0,1
473,474,"Jerwan, Mrs. Amin S (Marie Marthe Thuillard)",Mrs,0,23.0,Teenager,0,2,SC/AH Basle 541,13.7917,C,1.0,0.0,0.0,1
474,475,"Strandberg, Miss. Ida Sofia",Miss,0,22.0,Teenager,0,3,7553,9.8375,S,0.0,0.0,1.0,0
475,476,"Clifford, Mr. George Quincy",Mr,1,28.0,Youngadult,0,1,110465,52.0,S,0.0,0.0,1.0,0
476,477,"Renouf, Mr. Peter Henry",Mr,1,34.0,Youngadult,1,2,31027,21.0,S,0.0,0.0,1.0,0
477,478,"Braund, Mr. Lewis Richard",Mr,1,29.0,Youngadult,1,3,3460,7.0458,S,0.0,0.0,1.0,0
478,479,"Karlsson, Mr. Nils August",Mr,1,22.0,Teenager,0,3,350060,7.5208,S,0.0,0.0,1.0,0
479,480,"Hirvonen, Miss. Hildur E",Miss,0,2.0,Child,1,3,3101298,12.2875,S,0.0,0.0,1.0,1
480,481,"Goodwin, Master. Harold Victor",Master,1,9.0,Child,7,3,CA 2144,46.9,S,0.0,0.0,1.0,0
481,482,"Frost, Mr. Anthony Wood ""Archie""",Mr,1,28.0,Youngadult,0,2,239854,0.0,S,0.0,0.0,1.0,0
482,483,"Rouse, Mr. Richard Henry",Mr,1,50.0,Adult,0,3,A/5 3594,8.05,S,0.0,0.0,1.0,0
483,484,"Turkula, Mrs. (Hedwig)",Mrs,0,63.0,Elderly,0,3,4134,9.5875,S,0.0,0.0,1.0,1
484,485,"Bishop, Mr. Dickinson H",Mr,1,25.0,Teenager,1,1,11967,91.0792,C,1.0,0.0,0.0,1
485,486,"Lefebre, Miss. Jeannie",Miss,0,28.0,Youngadult,4,3,4133,25.4667,S,0.0,0.0,1.0,0
486,487,"Hoyt, Mrs. Frederick Maxfield (Jane Anne Forby)",Mrs,0,35.0,Youngadult,1,1,19943,90.0,S,0.0,0.0,1.0,1
487,488,"Kent, Mr. Edward Austin",Mr,1,58.0,Adult,0,1,11771,29.7,C,1.0,0.0,0.0,0
488,489,"Somerton, Mr. Francis William",Mr,1,30.0,Youngadult,0,3,A.5. 18509,8.05,S,0.0,0.0,1.0,0
489,490,"Coutts, Master. Eden Leslie ""Neville""",Master,1,9.0,Child,2,3,C.A. 37671,15.9,S,0.0,0.0,1.0,1
490,491,"Hagland, Mr. Konrad Mathias Reiersen",Mr,1,28.0,Youngadult,1,3,65304,19.9667,S,0.0,0.0,1.0,0
491,492,"Windelov, Mr. Einar",Mr,1,21.0,Teenager,0,3,SOTON/OQ 3101317,7.25,S,0.0,0.0,1.0,0
492,493,"Molson, Mr. Harry Markland",Mr,1,55.0,Adult,0,1,113787,30.5,S,0.0,0.0,1.0,0
493,494,"Artagaveytia, Mr. Ramon",Mr,1,71.0,Elderly,0,1,PC 17609,49.5042,C,1.0,0.0,0.0,0
494,495,"Stanley, Mr. Edward Roland",Mr,1,21.0,Teenager,0,3,A/4 45380,8.05,S,0.0,0.0,1.0,0
495,496,"Yousseff, Mr. Gerious",Mr,1,28.0,Youngadult,0,3,2627,14.4583,C,1.0,0.0,0.0,0
496,497,"Eustis, Miss. Elizabeth Mussey",Miss,0,54.0,Adult,1,1,36947,78.2667,C,1.0,0.0,0.0,1
497,498,"Shellard, Mr. Frederick William",Mr,1,28.0,Youngadult,0,3,C.A. 6212,15.1,S,0.0,0.0,1.0,0
498,499,"Allison, Mrs. Hudson J C (Bessie Waldo Daniels)",Mrs,0,25.0,Teenager,3,1,113781,151.55,S,0.0,0.0,1.0,0
499,500,"Svensson, Mr. Olof",Mr,1,24.0,Teenager,0,3,350035,7.7958,S,0.0,0.0,1.0,0
500,501,"Calic, Mr. Petar",Mr,1,17.0,Teenager,0,3,315086,8.6625,S,0.0,0.0,1.0,0
501,502,"Canavan, Miss. Mary",Miss,0,21.0,Teenager,0,3,364846,7.75,Q,0.0,1.0,0.0,0
502,503,"O'Sullivan, Miss. Bridget Mary",Miss,0,28.0,Youngadult,0,3,330909,7.6292,Q,0.0,1.0,0.0,0
503,504,"Laitinen, Miss. Kristina Sofia",Miss,0,37.0,Adult,0,3,4135,9.5875,S,0.0,0.0,1.0,0
504,505,"Maioni, Miss. Roberta",Miss,0,16.0,Teenager,0,1,110152,86.5,S,0.0,0.0,1.0,1
505,506,"Penasco y Castellana, Mr. Victor de Satode",Mr,1,18.0,Teenager,1,1,PC 17758,108.9,C,1.0,0.0,0.0,0
506,507,"Quick, Mrs. Frederick Charles (Jane Richards)",Mrs,0,33.0,Youngadult,2,2,26360,26.0,S,0.0,0.0,1.0,1
507,508,"Bradley, Mr. George (""George Arthur Brayton"")",Mr,1,28.0,Youngadult,0,1,111427,26.55,S,0.0,0.0,1.0,1
508,509,"Olsen, Mr. Henry Margido",Mr,1,28.0,Youngadult,0,3,C 4001,22.525,S,0.0,0.0,1.0,0
509,510,"Lang, Mr. Fang",Mr,1,26.0,Youngadult,0,3,1601,56.4958,S,0.0,0.0,1.0,1
510,511,"Daly, Mr. Eugene Patrick",Mr,1,29.0,Youngadult,0,3,382651,7.75,Q,0.0,1.0,0.0,1
511,512,"Webber, Mr. James",Mr,1,28.0,Youngadult,0,3,SOTON/OQ 3101316,8.05,S,0.0,0.0,1.0,0
512,513,"McGough, Mr. James Robert",Mr,1,36.0,Adult,0,1,PC 17473,26.2875,S,0.0,0.0,1.0,1
513,514,"Rothschild, Mrs. Martin (Elizabeth L. Barrett)",Mrs,0,54.0,Adult,1,1,PC 17603,59.4,C,1.0,0.0,0.0,1
514,515,"Coleff, Mr. Satio",Mr,1,24.0,Teenager,0,3,349209,7.4958,S,0.0,0.0,1.0,0
515,516,"Walker, Mr. William Anderson",Mr,1,47.0,Adult,0,1,36967,34.0208,S,0.0,0.0,1.0,0
516,517,"Lemore, Mrs. (Amelia Milley)",Mrs,0,34.0,Youngadult,0,2,C.A. 34260,10.5,S,0.0,0.0,1.0,1
517,518,"Ryan, Mr. Patrick",Mr,1,28.0,Youngadult,0,3,371110,24.15,Q,0.0,1.0,0.0,0
518,519,"Angle, Mrs. William A (Florence ""Mary"" Agnes Hughes)",Mrs,0,36.0,Adult,1,2,226875,26.0,S,0.0,0.0,1.0,1
519,520,"Pavlovic, Mr. Stefo",Mr,1,32.0,Youngadult,0,3,349242,7.8958,S,0.0,0.0,1.0,0
520,521,"Perreault, Miss. Anne",Miss,0,30.0,Youngadult,0,1,12749,93.5,S,0.0,0.0,1.0,1
521,522,"Vovk, Mr. Janko",Mr,1,22.0,Teenager,0,3,349252,7.8958,S,0.0,0.0,1.0,0
522,523,"Lahoud, Mr. Sarkis",Mr,1,28.0,Youngadult,0,3,2624,7.225,C,1.0,0.0,0.0,0
523,524,"Hippach, Mrs. Louis Albert (Ida Sophia Fischer)",Mrs,0,44.0,Adult,1,1,111361,57.9792,C,1.0,0.0,0.0,1
524,525,"Kassem, Mr. Fared",Mr,1,28.0,Youngadult,0,3,2700,7.2292,C,1.0,0.0,0.0,0
525,526,"Farrell, Mr. James",Mr,1,40.5,Adult,0,3,367232,7.75,Q,0.0,1.0,0.0,0
526,527,"Ridsdale, Miss. Lucy",Miss,0,50.0,Adult,0,2,W./C. 14258,10.5,S,0.0,0.0,1.0,1
527,528,"Farthing, Mr. John",Mr,1,28.0,Youngadult,0,1,PC 17483,221.7792,S,0.0,0.0,1.0,0
528,529,"Salonen, Mr. Johan Werner",Mr,1,39.0,Adult,0,3,3101296,7.925,S,0.0,0.0,1.0,0
529,530,"Hocking, Mr. Richard George",Mr,1,23.0,Teenager,3,2,29104,11.5,S,0.0,0.0,1.0,0
530,531,"Quick, Miss. Phyllis May",Miss,0,2.0,Child,2,2,26360,26.0,S,0.0,0.0,1.0,1
531,532,"Toufik, Mr. Nakli",Mr,1,28.0,Youngadult,0,3,2641,7.2292,C,1.0,0.0,0.0,0
532,533,"Elias, Mr. Joseph Jr",Mr,1,17.0,Teenager,2,3,2690,7.2292,C,1.0,0.0,0.0,0
533,534,"Peter, Mrs. Catherine (Catherine Rizk)",Mrs,0,28.0,Youngadult,2,3,2668,22.3583,C,1.0,0.0,0.0,1
534,535,"Cacic, Miss. Marija",Miss,0,30.0,Youngadult,0,3,315084,8.6625,S,0.0,0.0,1.0,0
535,536,"Hart, Miss. Eva Miriam",Miss,0,7.0,Child,2,2,F.C.C. 13529,26.25,S,0.0,0.0,1.0,1
536,537,"Butt, Major. Archibald Willingham",Officer,1,45.0,Adult,0,1,113050,26.55,S,0.0,0.0,1.0,0
537,538,"LeRoy, Miss. Bertha",Miss,0,30.0,Youngadult,0,1,PC 17761,106.425,C,1.0,0.0,0.0,1
538,539,"Risien, Mr. Samuel Beard",Mr,1,28.0,Youngadult,0,3,364498,14.5,S,0.0,0.0,1.0,0
539,540,"Frolicher, Miss. Hedwig Margaritha",Miss,0,22.0,Teenager,2,1,13568,49.5,C,1.0,0.0,0.0,1
540,541,"Crosby, Miss. Harriet R",Miss,0,36.0,Adult,2,1,WE/P 5735,71.0,S,0.0,0.0,1.0,1
541,542,"Andersson, Miss. Ingeborg Constanzia",Miss,0,9.0,Child,6,3,347082,31.275,S,0.0,0.0,1.0,0
542,543,"Andersson, Miss. Sigrid Elisabeth",Miss,0,11.0,Child,6,3,347082,31.275,S,0.0,0.0,1.0,0
543,544,"Beane, Mr. Edward",Mr,1,32.0,Youngadult,1,2,2908,26.0,S,0.0,0.0,1.0,1
544,545,"Douglas, Mr. Walter Donald",Mr,1,50.0,Adult,1,1,PC 17761,106.425,C,1.0,0.0,0.0,0
545,546,"Nicholson, Mr. Arthur Ernest",Mr,1,64.0,Elderly,0,1,693,26.0,S,0.0,0.0,1.0,0
546,547,"Beane, Mrs. Edward (Ethel Clarke)",Mrs,0,19.0,Teenager,1,2,2908,26.0,S,0.0,0.0,1.0,1
547,548,"Padro y Manent, Mr. Julian",Mr,1,28.0,Youngadult,0,2,SC/PARIS 2146,13.8625,C,1.0,0.0,0.0,1
548,549,"Goldsmith, Mr. Frank John",Mr,1,33.0,Youngadult,2,3,363291,20.525,S,0.0,0.0,1.0,0
549,550,"Davies, Master. John Morgan Jr",Master,1,8.0,Child,2,2,C.A. 33112,36.75,S,0.0,0.0,1.0,1
550,551,"Thayer, Mr. John Borland Jr",Mr,1,17.0,Teenager,2,1,17421,110.8833,C,1.0,0.0,0.0,1
551,552,"Sharp, Mr. Percival James R",Mr,1,27.0,Youngadult,0,2,244358,26.0,S,0.0,0.0,1.0,0
552,553,"O'Brien, Mr. Timothy",Mr,1,28.0,Youngadult,0,3,330979,7.8292,Q,0.0,1.0,0.0,0
553,554,"Leeni, Mr. Fahim (""Philip Zenni"")",Mr,1,22.0,Teenager,0,3,2620,7.225,C,1.0,0.0,0.0,1
554,555,"Ohman, Miss. Velin",Miss,0,22.0,Teenager,0,3,347085,7.775,S,0.0,0.0,1.0,1
555,556,"Wright, Mr. George",Mr,1,62.0,Elderly,0,1,113807,26.55,S,0.0,0.0,1.0,0
556,557,"Duff Gordon, Lady. (Lucille Christiana Sutherland) (""Mrs Morgan"")",Royalty,0,48.0,Adult,1,1,11755,39.6,C,1.0,0.0,0.0,1
557,558,"Robbins, Mr. Victor",Mr,1,28.0,Youngadult,0,1,PC 17757,227.525,C,1.0,0.0,0.0,0
558,559,"Taussig, Mrs. Emil (Tillie Mandelbaum)",Mrs,0,39.0,Adult,2,1,110413,79.65,S,0.0,0.0,1.0,1
559,560,"de Messemaeker, Mrs. Guillaume Joseph (Emma)",Mrs,0,36.0,Adult,1,3,345572,17.4,S,0.0,0.0,1.0,1
560,561,"Morrow, Mr. Thomas Rowan",Mr,1,28.0,Youngadult,0,3,372622,7.75,Q,0.0,1.0,0.0,0
561,562,"Sivic, Mr. Husein",Mr,1,40.0,Adult,0,3,349251,7.8958,S,0.0,0.0,1.0,0
562,563,"Norman, Mr. Robert Douglas",Mr,1,28.0,Youngadult,0,2,218629,13.5,S,0.0,0.0,1.0,0
563,564,"Simmons, Mr. John",Mr,1,28.0,Youngadult,0,3,SOTON/OQ 392082,8.05,S,0.0,0.0,1.0,0
564,565,"Meanwell, Miss. (Marion Ogden)",Miss,0,28.0,Youngadult,0,3,SOTON/O.Q. 392087,8.05,S,0.0,0.0,1.0,0
565,566,"Davies, Mr. Alfred J",Mr,1,24.0,Teenager,2,3,A/4 48871,24.15,S,0.0,0.0,1.0,0
566,567,"Stoytcheff, Mr. Ilia",Mr,1,19.0,Teenager,0,3,349205,7.8958,S,0.0,0.0,1.0,0
567,568,"Palsson, Mrs. Nils (Alma Cornelia Berglund)",Mrs,0,29.0,Youngadult,4,3,349909,21.075,S,0.0,0.0,1.0,0
568,569,"Doharr, Mr. Tannous",Mr,1,28.0,Youngadult,0,3,2686,7.2292,C,1.0,0.0,0.0,0
569,570,"Jonsson, Mr. Carl",Mr,1,32.0,Youngadult,0,3,350417,7.8542,S,0.0,0.0,1.0,1
570,571,"Harris, Mr. George",Mr,1,62.0,Elderly,0,2,S.W./PP 752,10.5,S,0.0,0.0,1.0,1
571,572,"Appleton, Mrs. Edward Dale (Charlotte Lamson)",Mrs,0,53.0,Adult,2,1,11769,51.4792,S,0.0,0.0,1.0,1
572,573,"Flynn, Mr. John Irwin (""Irving"")",Mr,1,36.0,Adult,0,1,PC 17474,26.3875,S,0.0,0.0,1.0,1
573,574,"Kelly, Miss. Mary",Miss,0,28.0,Youngadult,0,3,14312,7.75,Q,0.0,1.0,0.0,1
574,575,"Rush, Mr. Alfred George John",Mr,1,16.0,Teenager,0,3,A/4. 20589,8.05,S,0.0,0.0,1.0,0
575,576,"Patchett, Mr. George",Mr,1,19.0,Teenager,0,3,358585,14.5,S,0.0,0.0,1.0,0
576,577,"Garside, Miss. Ethel",Miss,0,34.0,Youngadult,0,2,243880,13.0,S,0.0,0.0,1.0,1
577,578,"Silvey, Mrs. William Baird (Alice Munger)",Mrs,0,39.0,Adult,1,1,13507,55.9,S,0.0,0.0,1.0,1
578,579,"Caram, Mrs. Joseph (Maria Elias)",Mrs,0,28.0,Youngadult,1,3,2689,14.4583,C,1.0,0.0,0.0,0
579,580,"Jussila, Mr. Eiriik",Mr,1,32.0,Youngadult,0,3,STON/O 2. 3101286,7.925,S,0.0,0.0,1.0,1
580,581,"Christy, Miss. Julie Rachel",Miss,0,25.0,Teenager,2,2,237789,30.0,S,0.0,0.0,1.0,1
581,582,"Thayer, Mrs. John Borland (Marian Longstreth Morris)",Mrs,0,39.0,Adult,2,1,17421,110.8833,C,1.0,0.0,0.0,1
582,583,"Downton, Mr. William James",Mr,1,54.0,Adult,0,2,28403,26.0,S,0.0,0.0,1.0,0
583,584,"Ross, Mr. John Hugo",Mr,1,36.0,Adult,0,1,13049,40.125,C,1.0,0.0,0.0,0
584,585,"Paulner, Mr. Uscher",Mr,1,28.0,Youngadult,0,3,3411,8.7125,C,1.0,0.0,0.0,0
585,586,"Taussig, Miss. Ruth",Miss,0,18.0,Teenager,2,1,110413,79.65,S,0.0,0.0,1.0,1
586,587,"Jarvis, Mr. John Denzil",Mr,1,47.0,Adult,0,2,237565,15.0,S,0.0,0.0,1.0,0
587,588,"Frolicher-Stehli, Mr. Maxmillian",Mr,1,60.0,Adult,2,1,13567,79.2,C,1.0,0.0,0.0,1
588,589,"Gilinski, Mr. Eliezer",Mr,1,22.0,Teenager,0,3,14973,8.05,S,0.0,0.0,1.0,0
589,590,"Murdlin, Mr. Joseph",Mr,1,28.0,Youngadult,0,3,A./5. 3235,8.05,S,0.0,0.0,1.0,0
590,591,"Rintamaki, Mr. Matti",Mr,1,35.0,Youngadult,0,3,STON/O 2. 3101273,7.125,S,0.0,0.0,1.0,0
591,592,"Stephenson, Mrs. Walter Bertram (Martha Eustis)",Mrs,0,52.0,Adult,1,1,36947,78.2667,C,1.0,0.0,0.0,1
592,593,"Elsbury, Mr. William James",Mr,1,47.0,Adult,0,3,A/5 3902,7.25,S,0.0,0.0,1.0,0
593,594,"Bourke, Miss. Mary",Miss,0,28.0,Youngadult,2,3,364848,7.75,Q,0.0,1.0,0.0,0
594,595,"Chapman, Mr. John Henry",Mr,1,37.0,Adult,1,2,SC/AH 29037,26.0,S,0.0,0.0,1.0,0
595,596,"Van Impe, Mr. Jean Baptiste",Mr,1,36.0,Adult,2,3,345773,24.15,S,0.0,0.0,1.0,0
596,597,"Leitch, Miss. Jessie Wills",Miss,0,28.0,Youngadult,0,2,248727,33.0,S,0.0,0.0,1.0,1
597,598,"Johnson, Mr. Alfred",Mr,1,49.0,Adult,0,3,LINE,0.0,S,0.0,0.0,1.0,0
598,599,"Boulos, Mr. Hanna",Mr,1,28.0,Youngadult,0,3,2664,7.225,C,1.0,0.0,0.0,0
599,600,"Duff Gordon, Sir. Cosmo Edmund (""Mr Morgan"")",Royalty,1,49.0,Adult,1,1,PC 17485,56.9292,C,1.0,0.0,0.0,1
600,601,"Jacobsohn, Mrs. Sidney Samuel (Amy Frances Christy)",Mrs,0,24.0,Teenager,3,2,243847,27.0,S,0.0,0.0,1.0,1
601,602,"Slabenoff, Mr. Petco",Mr,1,28.0,Youngadult,0,3,349214,7.8958,S,0.0,0.0,1.0,0
602,603,"Harrington, Mr. Charles H",Mr,1,28.0,Youngadult,0,1,113796,42.4,S,0.0,0.0,1.0,0
603,604,"Torber, Mr. Ernst William",Mr,1,44.0,Adult,0,3,364511,8.05,S,0.0,0.0,1.0,0
604,605,"Homer, Mr. Harry (""Mr E Haven"")",Mr,1,35.0,Youngadult,0,1,111426,26.55,C,1.0,0.0,0.0,1
605,606,"Lindell, Mr. Edvard Bengtsson",Mr,1,36.0,Adult,1,3,349910,15.55,S,0.0,0.0,1.0,0
606,607,"Karaic, Mr. Milan",Mr,1,30.0,Youngadult,0,3,349246,7.8958,S,0.0,0.0,1.0,0
607,608,"Daniel, Mr. Robert Williams",Mr,1,27.0,Youngadult,0,1,113804,30.5,S,0.0,0.0,1.0,1
608,609,"Laroche, Mrs. Joseph (Juliette Marie Louise Lafargue)",Mrs,0,22.0,Teenager,3,2,SC/Paris 2123,41.5792,C,1.0,0.0,0.0,1
609,610,"Shutes, Miss. Elizabeth W",Miss,0,40.0,Adult,0,1,PC 17582,153.4625,S,0.0,0.0,1.0,1
610,611,"Andersson, Mrs. Anders Johan (Alfrida Konstantia Brogren)",Mrs,0,39.0,Adult,6,3,347082,31.275,S,0.0,0.0,1.0,0
611,612,"Jardin, Mr. Jose Neto",Mr,1,28.0,Youngadult,0,3,SOTON/O.Q. 3101305,7.05,S,0.0,0.0,1.0,0
612,613,"Murphy, Miss. Margaret Jane",Miss,0,28.0,Youngadult,1,3,367230,15.5,Q,0.0,1.0,0.0,1
613,614,"Horgan, Mr. John",Mr,1,28.0,Youngadult,0,3,370377,7.75,Q,0.0,1.0,0.0,0
614,615,"Brocklebank, Mr. William Alfred",Mr,1,35.0,Youngadult,0,3,364512,8.05,S,0.0,0.0,1.0,0
615,616,"Herman, Miss. Alice",Miss,0,24.0,Teenager,3,2,220845,65.0,S,0.0,0.0,1.0,1
616,617,"Danbom, Mr. Ernst Gilbert",Mr,1,34.0,Youngadult,2,3,347080,14.4,S,0.0,0.0,1.0,0
617,618,"Lobb, Mrs. William Arthur (Cordelia K Stanlick)",Mrs,0,26.0,Youngadult,1,3,A/5. 3336,16.1,S,0.0,0.0,1.0,0
618,619,"Becker, Miss. Marion Louise",Miss,0,4.0,Child,3,2,230136,39.0,S,0.0,0.0,1.0,1
619,620,"Gavey, Mr. Lawrence",Mr,1,26.0,Youngadult,0,2,31028,10.5,S,0.0,0.0,1.0,0
620,621,"Yasbeck, Mr. Antoni",Mr,1,27.0,Youngadult,1,3,2659,14.4542,C,1.0,0.0,0.0,0
621,622,"Kimball, Mr. Edwin Nelson Jr",Mr,1,42.0,Adult,1,1,11753,52.5542,S,0.0,0.0,1.0,1
622,623,"Nakid, Mr. Sahid",Mr,1,20.0,Teenager,2,3,2653,15.7417,C,1.0,0.0,0.0,1
623,624,"Hansen, Mr. Henry Damsgaard",Mr,1,21.0,Teenager,0,3,350029,7.8542,S,0.0,0.0,1.0,0
624,625,"Bowen, Mr. David John ""Dai""",Mr,1,21.0,Teenager,0,3,54636,16.1,S,0.0,0.0,1.0,0
625,626,"Sutton, Mr. Frederick",Mr,1,61.0,Elderly,0,1,36963,32.3208,S,0.0,0.0,1.0,0
626,627,"Kirkland, Rev. Charles Leonard",Officer,1,57.0,Adult,0,2,219533,12.35,Q,0.0,1.0,0.0,0
627,628,"Longley, Miss. Gretchen Fiske",Miss,0,21.0,Teenager,0,1,13502,77.9583,S,0.0,0.0,1.0,1
628,629,"Bostandyeff, Mr. Guentcho",Mr,1,26.0,Youngadult,0,3,349224,7.8958,S,0.0,0.0,1.0,0
629,630,"O'Connell, Mr. Patrick D",Mr,1,28.0,Youngadult,0,3,334912,7.7333,Q,0.0,1.0,0.0,0
630,631,"Barkworth, Mr. Algernon Henry Wilson",Mr,1,80.0,Elderly,0,1,27042,30.0,S,0.0,0.0,1.0,1
631,632,"Lundahl, Mr. Johan Svensson",Mr,1,51.0,Adult,0,3,347743,7.0542,S,0.0,0.0,1.0,0
632,633,"Stahelin-Maeglin, Dr. Max",Officer,1,32.0,Youngadult,0,1,13214,30.5,C,1.0,0.0,0.0,1
633,634,"Parr, Mr. William Henry Marsh",Mr,1,28.0,Youngadult,0,1,112052,0.0,S,0.0,0.0,1.0,0
634,635,"Skoog, Miss. Mabel",Miss,0,9.0,Child,5,3,347088,27.9,S,0.0,0.0,1.0,0
635,636,"Davis, Miss. Mary",Miss,0,28.0,Youngadult,0,2,237668,13.0,S,0.0,0.0,1.0,1
636,637,"Leinonen, Mr. Antti Gustaf",Mr,1,32.0,Youngadult,0,3,STON/O 2. 3101292,7.925,S,0.0,0.0,1.0,0
637,638,"Collyer, Mr. Harvey",Mr,1,31.0,Youngadult,2,2,C.A. 31921,26.25,S,0.0,0.0,1.0,0
638,639,"Panula, Mrs. Juha (Maria Emilia Ojala)",Mrs,0,41.0,Adult,5,3,3101295,39.6875,S,0.0,0.0,1.0,0
639,640,"Thorneycroft, Mr. Percival",Mr,1,28.0,Youngadult,1,3,376564,16.1,S,0.0,0.0,1.0,0
640,641,"Jensen, Mr. Hans Peder",Mr,1,20.0,Teenager,0,3,350050,7.8542,S,0.0,0.0,1.0,0
641,642,"Sagesser, Mlle. Emma",Miss,0,24.0,Teenager,0,1,PC 17477,69.3,C,1.0,0.0,0.0,1
642,643,"Skoog, Miss. Margit Elizabeth",Miss,0,2.0,Child,5,3,347088,27.9,S,0.0,0.0,1.0,0
643,644,"Foo, Mr. Choong",Mr,1,28.0,Youngadult,0,3,1601,56.4958,S,0.0,0.0,1.0,1
644,645,"Baclini, Miss. Eugenie",Miss,0,0.75,Child,3,3,2666,19.2583,C,1.0,0.0,0.0,1
645,646,"Harper, Mr. Henry Sleeper",Mr,1,48.0,Adult,1,1,PC 17572,76.7292,C,1.0,0.0,0.0,1
646,647,"Cor, Mr. Liudevit",Mr,1,19.0,Teenager,0,3,349231,7.8958,S,0.0,0.0,1.0,0
647,648,"Simonius-Blumer, Col. Oberst Alfons",Officer,1,56.0,Adult,0,1,13213,35.5,C,1.0,0.0,0.0,1
648,649,"Willey, Mr. Edward",Mr,1,28.0,Youngadult,0,3,S.O./P.P. 751,7.55,S,0.0,0.0,1.0,0
649,650,"Stanley, Miss. Amy Zillah Elsie",Miss,0,23.0,Teenager,0,3,CA. 2314,7.55,S,0.0,0.0,1.0,1
650,651,"Mitkoff, Mr. Mito",Mr,1,28.0,Youngadult,0,3,349221,7.8958,S,0.0,0.0,1.0,0
651,652,"Doling, Miss. Elsie",Miss,0,18.0,Teenager,1,2,231919,23.0,S,0.0,0.0,1.0,1
652,653,"Kalvik, Mr. Johannes Halvorsen",Mr,1,21.0,Teenager,0,3,8475,8.4333,S,0.0,0.0,1.0,0
653,654,"O'Leary, Miss. Hanora ""Norah""",Miss,0,28.0,Youngadult,0,3,330919,7.8292,Q,0.0,1.0,0.0,1
654,655,"Hegarty, Miss. Hanora ""Nora""",Miss,0,18.0,Teenager,0,3,365226,6.75,Q,0.0,1.0,0.0,0
655,656,"Hickman, Mr. Leonard Mark",Mr,1,24.0,Teenager,2,2,S.O.C. 14879,73.5,S,0.0,0.0,1.0,0
656,657,"Radeff, Mr. Alexander",Mr,1,28.0,Youngadult,0,3,349223,7.8958,S,0.0,0.0,1.0,0
657,658,"Bourke, Mrs. John (Catherine)",Mrs,0,32.0,Youngadult,2,3,364849,15.5,Q,0.0,1.0,0.0,0
658,659,"Eitemiller, Mr. George Floyd",Mr,1,23.0,Teenager,0,2,29751,13.0,S,0.0,0.0,1.0,0
659,660,"Newell, Mr. Arthur Webster",Mr,1,58.0,Adult,2,1,35273,113.275,C,1.0,0.0,0.0,0
660,661,"Frauenthal, Dr. Henry William",Officer,1,50.0,Adult,2,1,PC 17611,133.65,S,0.0,0.0,1.0,1
661,662,"Badt, Mr. Mohamed",Mr,1,40.0,Adult,0,3,2623,7.225,C,1.0,0.0,0.0,0
662,663,"Colley, Mr. Edward Pomeroy",Mr,1,47.0,Adult,0,1,5727,25.5875,S,0.0,0.0,1.0,0
663,664,"Coleff, Mr. Peju",Mr,1,36.0,Adult,0,3,349210,7.4958,S,0.0,0.0,1.0,0
664,665,"Lindqvist, Mr. Eino William",Mr,1,20.0,Teenager,1,3,STON/O 2. 3101285,7.925,S,0.0,0.0,1.0,1
665,666,"Hickman, Mr. Lewis",Mr,1,32.0,Youngadult,2,2,S.O.C. 14879,73.5,S,0.0,0.0,1.0,0
666,667,"Butler, Mr. Reginald Fenton",Mr,1,25.0,Teenager,0,2,234686,13.0,S,0.0,0.0,1.0,0
667,668,"Rommetvedt, Mr. Knud Paust",Mr,1,28.0,Youngadult,0,3,312993,7.775,S,0.0,0.0,1.0,0
668,669,"Cook, Mr. Jacob",Mr,1,43.0,Adult,0,3,A/5 3536,8.05,S,0.0,0.0,1.0,0
669,670,"Taylor, Mrs. Elmer Zebley (Juliet Cummins Wright)",Mrs,0,28.0,Youngadult,1,1,19996,52.0,S,0.0,0.0,1.0,1
670,671,"Brown, Mrs. Thomas William Solomon (Elizabeth Catherine Ford)",Mrs,0,40.0,Adult,2,2,29750,39.0,S,0.0,0.0,1.0,1
671,672,"Davidson, Mr. Thornton",Mr,1,31.0,Youngadult,1,1,F.C. 12750,52.0,S,0.0,0.0,1.0,0
672,673,"Mitchell, Mr. Henry Michael",Mr,1,70.0,Elderly,0,2,C.A. 24580,10.5,S,0.0,0.0,1.0,0
673,674,"Wilhelms, Mr. Charles",Mr,1,31.0,Youngadult,0,2,244270,13.0,S,0.0,0.0,1.0,1
674,675,"Watson, Mr. Ennis Hastings",Mr,1,28.0,Youngadult,0,2,239856,0.0,S,0.0,0.0,1.0,0
675,676,"Edvardsson, Mr. Gustaf Hjalmar",Mr,1,18.0,Teenager,0,3,349912,7.775,S,0.0,0.0,1.0,0
676,677,"Sawyer, Mr. Frederick Charles",Mr,1,24.5,Teenager,0,3,342826,8.05,S,0.0,0.0,1.0,0
677,678,"Turja, Miss. Anna Sofia",Miss,0,18.0,Teenager,0,3,4138,9.8417,S,0.0,0.0,1.0,1
678,679,"Goodwin, Mrs. Frederick (Augusta Tyler)",Mrs,0,43.0,Adult,7,3,CA 2144,46.9,S,0.0,0.0,1.0,0
680,681,"Peters, Miss. Katie",Miss,0,28.0,Youngadult,0,3,330935,8.1375,Q,0.0,1.0,0.0,0
681,682,"Hassab, Mr. Hammad",Mr,1,27.0,Youngadult,0,1,PC 17572,76.7292,C,1.0,0.0,0.0,1
682,683,"Olsvigen, Mr. Thor Anderson",Mr,1,20.0,Teenager,0,3,6563,9.225,S,0.0,0.0,1.0,0
683,684,"Goodwin, Mr. Charles Edward",Mr,1,14.0,Teenager,7,3,CA 2144,46.9,S,0.0,0.0,1.0,0
684,685,"Brown, Mr. Thomas William Solomon",Mr,1,60.0,Adult,2,2,29750,39.0,S,0.0,0.0,1.0,0
685,686,"Laroche, Mr. Joseph Philippe Lemercier",Mr,1,25.0,Teenager,3,2,SC/Paris 2123,41.5792,C,1.0,0.0,0.0,0
686,687,"Panula, Mr. Jaako Arnold",Mr,1,14.0,Teenager,5,3,3101295,39.6875,S,0.0,0.0,1.0,0
687,688,"Dakic, Mr. Branko",Mr,1,19.0,Teenager,0,3,349228,10.1708,S,0.0,0.0,1.0,0
688,689,"Fischer, Mr. Eberhard Thelander",Mr,1,18.0,Teenager,0,3,350036,7.7958,S,0.0,0.0,1.0,0
689,690,"Madill, Miss. Georgette Alexandra",Miss,0,15.0,Teenager,1,1,24160,211.3375,S,0.0,0.0,1.0,1
690,691,"Dick, Mr. Albert Adrian",Mr,1,31.0,Youngadult,1,1,17474,57.0,S,0.0,0.0,1.0,1
691,692,"Karun, Miss. Manca",Miss,0,4.0,Child,1,3,349256,13.4167,C,1.0,0.0,0.0,1
692,693,"Lam, Mr. Ali",Mr,1,28.0,Youngadult,0,3,1601,56.4958,S,0.0,0.0,1.0,1
693,694,"Saad, Mr. Khalil",Mr,1,25.0,Teenager,0,3,2672,7.225,C,1.0,0.0,0.0,0
694,695,"Weir, Col. John",Officer,1,60.0,Adult,0,1,113800,26.55,S,0.0,0.0,1.0,0
695,696,"Chapman, Mr. Charles Henry",Mr,1,52.0,Adult,0,2,248731,13.5,S,0.0,0.0,1.0,0
696,697,"Kelly, Mr. James",Mr,1,44.0,Adult,0,3,363592,8.05,S,0.0,0.0,1.0,0
697,698,"Mullens, Miss. Katherine ""Katie""",Miss,0,28.0,Youngadult,0,3,35852,7.7333,Q,0.0,1.0,0.0,1
698,699,"Thayer, Mr. John Borland",Mr,1,49.0,Adult,2,1,17421,110.8833,C,1.0,0.0,0.0,0
699,700,"Humblen, Mr. Adolf Mathias Nicolai Olsen",Mr,1,42.0,Adult,0,3,348121,7.65,S,0.0,0.0,1.0,0
700,701,"Astor, Mrs. John Jacob (Madeleine Talmadge Force)",Mrs,0,18.0,Teenager,1,1,PC 17757,227.525,C,1.0,0.0,0.0,1
701,702,"Silverthorne, Mr. Spencer Victor",Mr,1,35.0,Youngadult,0,1,PC 17475,26.2875,S,0.0,0.0,1.0,1
702,703,"Barbara, Miss. Saiide",Miss,0,18.0,Teenager,1,3,2691,14.4542,C,1.0,0.0,0.0,0
703,704,"Gallagher, Mr. Martin",Mr,1,25.0,Teenager,0,3,36864,7.7417,Q,0.0,1.0,0.0,0
704,705,"Hansen, Mr. Henrik Juul",Mr,1,26.0,Youngadult,1,3,350025,7.8542,S,0.0,0.0,1.0,0
705,706,"Morley, Mr. Henry Samuel (""Mr Henry Marshall"")",Mr,1,39.0,Adult,0,2,250655,26.0,S,0.0,0.0,1.0,0
706,707,"Kelly, Mrs. Florence ""Fannie""",Mrs,0,45.0,Adult,0,2,223596,13.5,S,0.0,0.0,1.0,1
707,708,"Calderhead, Mr. Edward Pennington",Mr,1,42.0,Adult,0,1,PC 17476,26.2875,S,0.0,0.0,1.0,1
708,709,"Cleaver, Miss. Alice",Miss,0,22.0,Teenager,0,1,113781,151.55,S,0.0,0.0,1.0,1
709,710,"Moubarek, Master. Halim Gonios (""William George"")",Master,1,28.0,Youngadult,2,3,2661,15.2458,C,1.0,0.0,0.0,1
710,711,"Mayne, Mlle. Berthe Antonine (""Mrs de Villiers"")",Miss,0,24.0,Teenager,0,1,PC 17482,49.5042,C,1.0,0.0,0.0,1
711,712,"Klaber, Mr. Herman",Mr,1,28.0,Youngadult,0,1,113028,26.55,S,0.0,0.0,1.0,0
712,713,"Taylor, Mr. Elmer Zebley",Mr,1,48.0,Adult,1,1,19996,52.0,S,0.0,0.0,1.0,1
713,714,"Larsson, Mr. August Viktor",Mr,1,29.0,Youngadult,0,3,7545,9.4833,S,0.0,0.0,1.0,0
714,715,"Greenberg, Mr. Samuel",Mr,1,52.0,Adult,0,2,250647,13.0,S,0.0,0.0,1.0,0
715,716,"Soholt, Mr. Peter Andreas Lauritz Andersen",Mr,1,19.0,Teenager,0,3,348124,7.65,S,0.0,0.0,1.0,0
716,717,"Endres, Miss. Caroline Louise",Miss,0,38.0,Adult,0,1,PC 17757,227.525,C,1.0,0.0,0.0,1
717,718,"Troutt, Miss. Edwina Celia ""Winnie""",Miss,0,27.0,Youngadult,0,2,34218,10.5,S,0.0,0.0,1.0,1
718,719,"McEvoy, Mr. Michael",Mr,1,28.0,Youngadult,0,3,36568,15.5,Q,0.0,1.0,0.0,0
719,720,"Johnson, Mr. Malkolm Joackim",Mr,1,33.0,Youngadult,0,3,347062,7.775,S,0.0,0.0,1.0,0
720,721,"Harper, Miss. Annie Jessie ""Nina""",Miss,0,6.0,Child,1,2,248727,33.0,S,0.0,0.0,1.0,1
721,722,"Jensen, Mr. Svend Lauritz",Mr,1,17.0,Teenager,1,3,350048,7.0542,S,0.0,0.0,1.0,0
722,723,"Gillespie, Mr. William Henry",Mr,1,34.0,Youngadult,0,2,12233,13.0,S,0.0,0.0,1.0,0
723,724,"Hodges, Mr. Henry Price",Mr,1,50.0,Adult,0,2,250643,13.0,S,0.0,0.0,1.0,0
724,725,"Chambers, Mr. Norman Campbell",Mr,1,27.0,Youngadult,1,1,113806,53.1,S,0.0,0.0,1.0,1
725,726,"Oreskovic, Mr. Luka",Mr,1,20.0,Teenager,0,3,315094,8.6625,S,0.0,0.0,1.0,0
726,727,"Renouf, Mrs. Peter Henry (Lillian Jefferys)",Mrs,0,30.0,Youngadult,3,2,31027,21.0,S,0.0,0.0,1.0,1
727,728,"Mannion, Miss. Margareth",Miss,0,28.0,Youngadult,0,3,36866,7.7375,Q,0.0,1.0,0.0,1
728,729,"Bryhl, Mr. Kurt Arnold Gottfrid",Mr,1,25.0,Teenager,1,2,236853,26.0,S,0.0,0.0,1.0,0
729,730,"Ilmakangas, Miss. Pieta Sofia",Miss,0,25.0,Teenager,1,3,STON/O2. 3101271,7.925,S,0.0,0.0,1.0,0
730,731,"Allen, Miss. Elisabeth Walton",Miss,0,29.0,Youngadult,0,1,24160,211.3375,S,0.0,0.0,1.0,1
731,732,"Hassan, Mr. Houssein G N",Mr,1,11.0,Child,0,3,2699,18.7875,C,1.0,0.0,0.0,0
732,733,"Knight, Mr. Robert J",Mr,1,28.0,Youngadult,0,2,239855,0.0,S,0.0,0.0,1.0,0
733,734,"Berriman, Mr. William John",Mr,1,23.0,Teenager,0,2,28425,13.0,S,0.0,0.0,1.0,0
734,735,"Troupiansky, Mr. Moses Aaron",Mr,1,23.0,Teenager,0,2,233639,13.0,S,0.0,0.0,1.0,0
735,736,"Williams, Mr. Leslie",Mr,1,28.5,Youngadult,0,3,54636,16.1,S,0.0,0.0,1.0,0
736,737,"Ford, Mrs. Edward (Margaret Ann Watson)",Mrs,0,48.0,Adult,4,3,W./C. 6608,34.375,S,0.0,0.0,1.0,0
738,739,"Ivanoff, Mr. Kanio",Mr,1,28.0,Youngadult,0,3,349201,7.8958,S,0.0,0.0,1.0,0
739,740,"Nankoff, Mr. Minko",Mr,1,28.0,Youngadult,0,3,349218,7.8958,S,0.0,0.0,1.0,0
740,741,"Hawksford, Mr. Walter James",Mr,1,28.0,Youngadult,0,1,16988,30.0,S,0.0,0.0,1.0,1
741,742,"Cavendish, Mr. Tyrell William",Mr,1,36.0,Adult,1,1,19877,78.85,S,0.0,0.0,1.0,0
742,743,"Ryerson, Miss. Susan Parker ""Suzette""",Miss,0,21.0,Teenager,4,1,PC 17608,262.375,C,1.0,0.0,0.0,1
743,744,"McNamee, Mr. Neal",Mr,1,24.0,Teenager,1,3,376566,16.1,S,0.0,0.0,1.0,0
744,745,"Stranden, Mr. Juho",Mr,1,31.0,Youngadult,0,3,STON/O 2. 3101288,7.925,S,0.0,0.0,1.0,1
745,746,"Crosby, Capt. Edward Gifford",Officer,1,70.0,Elderly,2,1,WE/P 5735,71.0,S,0.0,0.0,1.0,0
746,747,"Abbott, Mr. Rossmore Edward",Mr,1,16.0,Teenager,2,3,C.A. 2673,20.25,S,0.0,0.0,1.0,0
747,748,"Sinkkonen, Miss. Anna",Miss,0,30.0,Youngadult,0,2,250648,13.0,S,0.0,0.0,1.0,1
748,749,"Marvin, Mr. Daniel Warner",Mr,1,19.0,Teenager,1,1,113773,53.1,S,0.0,0.0,1.0,0
749,750,"Connaghton, Mr. Michael",Mr,1,31.0,Youngadult,0,3,335097,7.75,Q,0.0,1.0,0.0,0
750,751,"Wells, Miss. Joan",Miss,0,4.0,Child,2,2,29103,23.0,S,0.0,0.0,1.0,1
751,752,"Moor, Master. Meier",Master,1,6.0,Child,1,3,392096,12.475,S,0.0,0.0,1.0,1
752,753,"Vande Velde, Mr. Johannes Joseph",Mr,1,33.0,Youngadult,0,3,345780,9.5,S,0.0,0.0,1.0,0
753,754,"Jonkoff, Mr. Lalio",Mr,1,23.0,Teenager,0,3,349204,7.8958,S,0.0,0.0,1.0,0
754,755,"Herman, Mrs. Samuel (Jane Laver)",Mrs,0,48.0,Adult,3,2,220845,65.0,S,0.0,0.0,1.0,1
755,756,"Hamalainen, Master. Viljo",Master,1,0.67,Child,2,2,250649,14.5,S,0.0,0.0,1.0,1
756,757,"Carlsson, Mr. August Sigfrid",Mr,1,28.0,Youngadult,0,3,350042,7.7958,S,0.0,0.0,1.0,0
757,758,"Bailey, Mr. Percy Andrew",Mr,1,18.0,Teenager,0,2,29108,11.5,S,0.0,0.0,1.0,0
758,759,"Theobald, Mr. Thomas Leonard",Mr,1,34.0,Youngadult,0,3,363294,8.05,S,0.0,0.0,1.0,0
759,760,"Rothes, the Countess. of (Lucy Noel Martha Dyer-Edwards)",Royalty,0,33.0,Youngadult,0,1,110152,86.5,S,0.0,0.0,1.0,1
760,761,"Garfirth, Mr. John",Mr,1,28.0,Youngadult,0,3,358585,14.5,S,0.0,0.0,1.0,0
761,762,"Nirva, Mr. Iisakki Antino Aijo",Mr,1,41.0,Adult,0,3,SOTON/O2 3101272,7.125,S,0.0,0.0,1.0,0
762,763,"Barah, Mr. Hanna Assi",Mr,1,20.0,Teenager,0,3,2663,7.2292,C,1.0,0.0,0.0,1
763,764,"Carter, Mrs. William Ernest (Lucile Polk)",Mrs,0,36.0,Adult,3,1,113760,120.0,S,0.0,0.0,1.0,1
764,765,"Eklund, Mr. Hans Linus",Mr,1,16.0,Teenager,0,3,347074,7.775,S,0.0,0.0,1.0,0
765,766,"Hogeboom, Mrs. John C (Anna Andrews)",Mrs,0,51.0,Adult,1,1,13502,77.9583,S,0.0,0.0,1.0,1
766,767,"Brewe, Dr. Arthur Jackson",Officer,1,28.0,Youngadult,0,1,112379,39.6,C,1.0,0.0,0.0,0
767,768,"Mangan, Miss. Mary",Miss,0,30.5,Youngadult,0,3,364850,7.75,Q,0.0,1.0,0.0,0
768,769,"Moran, Mr. Daniel J",Mr,1,28.0,Youngadult,1,3,371110,24.15,Q,0.0,1.0,0.0,0
769,770,"Gronnestad, Mr. Daniel Danielsen",Mr,1,32.0,Youngadult,0,3,8471,8.3625,S,0.0,0.0,1.0,0
770,771,"Lievens, Mr. Rene Aime",Mr,1,24.0,Teenager,0,3,345781,9.5,S,0.0,0.0,1.0,0
771,772,"Jensen, Mr. Niels Peder",Mr,1,48.0,Adult,0,3,350047,7.8542,S,0.0,0.0,1.0,0
772,773,"Mack, Mrs. (Mary)",Mrs,0,57.0,Adult,0,2,S.O./P.P. 3,10.5,S,0.0,0.0,1.0,0
773,774,"Elias, Mr. Dibo",Mr,1,28.0,Youngadult,0,3,2674,7.225,C,1.0,0.0,0.0,0
774,775,"Hocking, Mrs. Elizabeth (Eliza Needs)",Mrs,0,54.0,Adult,4,2,29105,23.0,S,0.0,0.0,1.0,1
775,776,"Myhrman, Mr. Pehr Fabian Oliver Malkolm",Mr,1,18.0,Teenager,0,3,347078,7.75,S,0.0,0.0,1.0,0
776,777,"Tobin, Mr. Roger",Mr,1,28.0,Youngadult,0,3,383121,7.75,Q,0.0,1.0,0.0,0
777,778,"Emanuel, Miss. Virginia Ethel",Miss,0,5.0,Child,0,3,364516,12.475,S,0.0,0.0,1.0,1
778,779,"Kilgannon, Mr. Thomas J",Mr,1,28.0,Youngadult,0,3,36865,7.7375,Q,0.0,1.0,0.0,0
779,780,"Robert, Mrs. Edward Scott (Elisabeth Walton McMillan)",Mrs,0,43.0,Adult,1,1,24160,211.3375,S,0.0,0.0,1.0,1
780,781,"Ayoub, Miss. Banoura",Miss,0,13.0,Teenager,0,3,2687,7.2292,C,1.0,0.0,0.0,1
781,782,"Dick, Mrs. Albert Adrian (Vera Gillespie)",Mrs,0,17.0,Teenager,1,1,17474,57.0,S,0.0,0.0,1.0,1
782,783,"Long, Mr. Milton Clyde",Mr,1,29.0,Youngadult,0,1,113501,30.0,S,0.0,0.0,1.0,0
783,784,"Johnston, Mr. Andrew G",Mr,1,28.0,Youngadult,3,3,W./C. 6607,23.45,S,0.0,0.0,1.0,0
784,785,"Ali, Mr. William",Mr,1,25.0,Teenager,0,3,SOTON/O.Q. 3101312,7.05,S,0.0,0.0,1.0,0
785,786,"Harmer, Mr. Abraham (David Lishin)",Mr,1,25.0,Teenager,0,3,374887,7.25,S,0.0,0.0,1.0,0
786,787,"Sjoblom, Miss. Anna Sofia",Miss,0,18.0,Teenager,0,3,3101265,7.4958,S,0.0,0.0,1.0,1
787,788,"Rice, Master. George Hugh",Master,1,8.0,Child,5,3,382652,29.125,Q,0.0,1.0,0.0,0
788,789,"Dean, Master. Bertram Vere",Master,1,1.0,Child,3,3,C.A. 2315,20.575,S,0.0,0.0,1.0,1
789,790,"Guggenheim, Mr. Benjamin",Mr,1,46.0,Adult,0,1,PC 17593,79.2,C,1.0,0.0,0.0,0
790,791,"Keane, Mr. Andrew ""Andy""",Mr,1,28.0,Youngadult,0,3,12460,7.75,Q,0.0,1.0,0.0,0
791,792,"Gaskell, Mr. Alfred",Mr,1,16.0,Teenager,0,2,239865,26.0,S,0.0,0.0,1.0,0
792,793,"Sage, Miss. Stella Anna",Miss,0,28.0,Youngadult,10,3,CA. 2343,69.55,S,0.0,0.0,1.0,0
793,794,"Hoyt, Mr. William Fisher",Mr,1,28.0,Youngadult,0,1,PC 17600,30.6958,C,1.0,0.0,0.0,0
794,795,"Dantcheff, Mr. Ristiu",Mr,1,25.0,Teenager,0,3,349203,7.8958,S,0.0,0.0,1.0,0
795,796,"Otter, Mr. Richard",Mr,1,39.0,Adult,0,2,28213,13.0,S,0.0,0.0,1.0,0
796,797,"Leader, Dr. Alice (Farnham)",Officer,0,49.0,Adult,0,1,17465,25.9292,S,0.0,0.0,1.0,1
797,798,"Osman, Mrs. Mara",Mrs,0,31.0,Youngadult,0,3,349244,8.6833,S,0.0,0.0,1.0,1
798,799,"Ibrahim Shawah, Mr. Yousseff",Mr,1,30.0,Youngadult,0,3,2685,7.2292,C,1.0,0.0,0.0,0
799,800,"Van Impe, Mrs. Jean Baptiste (Rosalie Paula Govaert)",Mrs,0,30.0,Youngadult,2,3,345773,24.15,S,0.0,0.0,1.0,0
800,801,"Ponesell, Mr. Martin",Mr,1,34.0,Youngadult,0,2,250647,13.0,S,0.0,0.0,1.0,0
801,802,"Collyer, Mrs. Harvey (Charlotte Annie Tate)",Mrs,0,31.0,Youngadult,2,2,C.A. 31921,26.25,S,0.0,0.0,1.0,1
802,803,"Carter, Master. William Thornton II",Master,1,11.0,Child,3,1,113760,120.0,S,0.0,0.0,1.0,1
803,804,"Thomas, Master. Assad Alexander",Master,1,0.42,Child,1,3,2625,8.5167,C,1.0,0.0,0.0,1
804,805,"Hedman, Mr. Oskar Arvid",Mr,1,27.0,Youngadult,0,3,347089,6.975,S,0.0,0.0,1.0,1
805,806,"Johansson, Mr. Karl Johan",Mr,1,31.0,Youngadult,0,3,347063,7.775,S,0.0,0.0,1.0,0
806,807,"Andrews, Mr. Thomas Jr",Mr,1,39.0,Adult,0,1,112050,0.0,S,0.0,0.0,1.0,0
807,808,"Pettersson, Miss. Ellen Natalia",Miss,0,18.0,Teenager,0,3,347087,7.775,S,0.0,0.0,1.0,0
808,809,"Meyer, Mr. August",Mr,1,39.0,Adult,0,2,248723,13.0,S,0.0,0.0,1.0,0
809,810,"Chambers, Mrs. Norman Campbell (Bertha Griggs)",Mrs,0,33.0,Youngadult,1,1,113806,53.1,S,0.0,0.0,1.0,1
810,811,"Alexander, Mr. William",Mr,1,26.0,Youngadult,0,3,3474,7.8875,S,0.0,0.0,1.0,0
811,812,"Lester, Mr. James",Mr,1,39.0,Adult,0,3,A/4 48871,24.15,S,0.0,0.0,1.0,0
812,813,"Slemen, Mr. Richard James",Mr,1,35.0,Youngadult,0,2,28206,10.5,S,0.0,0.0,1.0,0
813,814,"Andersson, Miss. Ebba Iris Alfrida",Miss,0,6.0,Child,6,3,347082,31.275,S,0.0,0.0,1.0,0
814,815,"Tomlin, Mr. Ernest Portage",Mr,1,30.5,Youngadult,0,3,364499,8.05,S,0.0,0.0,1.0,0
815,816,"Fry, Mr. Richard",Mr,1,28.0,Youngadult,0,1,112058,0.0,S,0.0,0.0,1.0,0
816,817,"Heininen, Miss. Wendla Maria",Miss,0,23.0,Teenager,0,3,STON/O2. 3101290,7.925,S,0.0,0.0,1.0,0
817,818,"Mallet, Mr. Albert",Mr,1,31.0,Youngadult,2,2,S.C./PARIS 2079,37.0042,C,1.0,0.0,0.0,0
818,819,"Holm, Mr. John Fredrik Alexander",Mr,1,43.0,Adult,0,3,C 7075,6.45,S,0.0,0.0,1.0,0
819,820,"Skoog, Master. Karl Thorsten",Master,1,10.0,Child,5,3,347088,27.9,S,0.0,0.0,1.0,0
820,821,"Hays, Mrs. Charles Melville (Clara Jennings Gregg)",Mrs,0,52.0,Adult,2,1,12749,93.5,S,0.0,0.0,1.0,1
821,822,"Lulic, Mr. Nikola",Mr,1,27.0,Youngadult,0,3,315098,8.6625,S,0.0,0.0,1.0,1
822,823,"Reuchlin, Jonkheer. John George",Officer,1,38.0,Adult,0,1,19972,0.0,S,0.0,0.0,1.0,0
823,824,"Moor, Mrs. (Beila)",Mrs,0,27.0,Youngadult,1,3,392096,12.475,S,0.0,0.0,1.0,1
824,825,"Panula, Master. Urho Abraham",Master,1,2.0,Child,5,3,3101295,39.6875,S,0.0,0.0,1.0,0
825,826,"Flynn, Mr. John",Mr,1,28.0,Youngadult,0,3,368323,6.95,Q,0.0,1.0,0.0,0
826,827,"Lam, Mr. Len",Mr,1,28.0,Youngadult,0,3,1601,56.4958,S,0.0,0.0,1.0,0
827,828,"Mallet, Master. Andre",Master,1,1.0,Child,2,2,S.C./PARIS 2079,37.0042,C,1.0,0.0,0.0,1
828,829,"McCormack, Mr. Thomas Joseph",Mr,1,28.0,Youngadult,0,3,367228,7.75,Q,0.0,1.0,0.0,1
829,830,"Stone, Mrs. George Nelson (Martha Evelyn)",Mrs,0,62.0,Elderly,0,1,113572,80.0,S,0.0,0.0,1.0,1
830,831,"Yasbeck, Mrs. Antoni (Selini Alexander)",Mrs,0,15.0,Teenager,1,3,2659,14.4542,C,1.0,0.0,0.0,1
831,832,"Richards, Master. George Sibley",Master,1,0.83,Child,2,2,29106,18.75,S,0.0,0.0,1.0,1
832,833,"Saad, Mr. Amin",Mr,1,28.0,Youngadult,0,3,2671,7.2292,C,1.0,0.0,0.0,0
833,834,"Augustsson, Mr. Albert",Mr,1,23.0,Teenager,0,3,347468,7.8542,S,0.0,0.0,1.0,0
834,835,"Allum, Mr. Owen George",Mr,1,18.0,Teenager,0,3,2223,8.3,S,0.0,0.0,1.0,0
835,836,"Compton, Miss. Sara Rebecca",Miss,0,39.0,Adult,2,1,PC 17756,83.1583,C,1.0,0.0,0.0,1
836,837,"Pasic, Mr. Jakob",Mr,1,21.0,Teenager,0,3,315097,8.6625,S,0.0,0.0,1.0,0
837,838,"Sirota, Mr. Maurice",Mr,1,28.0,Youngadult,0,3,392092,8.05,S,0.0,0.0,1.0,0
838,839,"Chip, Mr. Chang",Mr,1,32.0,Youngadult,0,3,1601,56.4958,S,0.0,0.0,1.0,1
839,840,"Marechal, Mr. Pierre",Mr,1,28.0,Youngadult,0,1,11774,29.7,C,1.0,0.0,0.0,1
840,841,"Alhomaki, Mr. Ilmari Rudolf",Mr,1,20.0,Teenager,0,3,SOTON/O2 3101287,7.925,S,0.0,0.0,1.0,0
841,842,"Mudd, Mr. Thomas Charles",Mr,1,16.0,Teenager,0,2,S.O./P.P. 3,10.5,S,0.0,0.0,1.0,0
842,843,"Serepeca, Miss. Augusta",Miss,0,30.0,Youngadult,0,1,113798,31.0,C,1.0,0.0,0.0,1
843,844,"Lemberopolous, Mr. Peter L",Mr,1,34.5,Youngadult,0,3,2683,6.4375,C,1.0,0.0,0.0,0
844,845,"Culumovic, Mr. Jeso",Mr,1,17.0,Teenager,0,3,315090,8.6625,S,0.0,0.0,1.0,0
845,846,"Abbing, Mr. Anthony",Mr,1,42.0,Adult,0,3,C.A. 5547,7.55,S,0.0,0.0,1.0,0
846,847,"Sage, Mr. Douglas Bullen",Mr,1,28.0,Youngadult,10,3,CA. 2343,69.55,S,0.0,0.0,1.0,0
847,848,"Markoff, Mr. Marin",Mr,1,35.0,Youngadult,0,3,349213,7.8958,C,1.0,0.0,0.0,0
848,849,"Harper, Rev. John",Officer,1,28.0,Youngadult,1,2,248727,33.0,S,0.0,0.0,1.0,0
849,850,"Goldenberg, Mrs. Samuel L (Edwiga Grabowska)",Mrs,0,28.0,Youngadult,1,1,17453,89.1042,C,1.0,0.0,0.0,1
850,851,"Andersson, Master. Sigvard Harald Elias",Master,1,4.0,Child,6,3,347082,31.275,S,0.0,0.0,1.0,0
851,852,"Svensson, Mr. Johan",Mr,1,74.0,Elderly,0,3,347060,7.775,S,0.0,0.0,1.0,0
852,853,"Boulos, Miss. Nourelain",Miss,0,9.0,Child,2,3,2678,15.2458,C,1.0,0.0,0.0,0
853,854,"Lines, Miss. Mary Conover",Miss,0,16.0,Teenager,1,1,PC 17592,39.4,S,0.0,0.0,1.0,1
854,855,"Carter, Mrs. Ernest Courtenay (Lilian Hughes)",Mrs,0,44.0,Adult,1,2,244252,26.0,S,0.0,0.0,1.0,0
855,856,"Aks, Mrs. Sam (Leah Rosen)",Mrs,0,18.0,Teenager,1,3,392091,9.35,S,0.0,0.0,1.0,1
856,857,"Wick, Mrs. George Dennick (Mary Hitchcock)",Mrs,0,45.0,Adult,2,1,36928,164.8667,S,0.0,0.0,1.0,1
857,858,"Daly, Mr. Peter Denis ",Mr,1,51.0,Adult,0,1,113055,26.55,S,0.0,0.0,1.0,1
858,859,"Baclini, Mrs. Solomon (Latifa Qurban)",Mrs,0,24.0,Teenager,3,3,2666,19.2583,C,1.0,0.0,0.0,1
859,860,"Razi, Mr. Raihed",Mr,1,28.0,Youngadult,0,3,2629,7.2292,C,1.0,0.0,0.0,0
860,861,"Hansen, Mr. Claus Peter",Mr,1,41.0,Adult,2,3,350026,14.1083,S,0.0,0.0,1.0,0
861,862,"Giles, Mr. Frederick Edward",Mr,1,21.0,Teenager,1,2,28134,11.5,S,0.0,0.0,1.0,0
862,863,"Swift, Mrs. Frederick Joel (Margaret Welles Barron)",Mrs,0,48.0,Adult,0,1,17466,25.9292,S,0.0,0.0,1.0,1
863,864,"Sage, Miss. Dorothy Edith ""Dolly""",Miss,0,28.0,Youngadult,10,3,CA. 2343,69.55,S,0.0,0.0,1.0,0
864,865,"Gill, Mr. John William",Mr,1,24.0,Teenager,0,2,233866,13.0,S,0.0,0.0,1.0,0
865,866,"Bystrom, Mrs. (Karolina)",Mrs,0,42.0,Adult,0,2,236852,13.0,S,0.0,0.0,1.0,1
866,867,"Duran y More, Miss. Asuncion",Miss,0,27.0,Youngadult,1,2,SC/PARIS 2149,13.8583,C,1.0,0.0,0.0,1
867,868,"Roebling, Mr. Washington Augustus II",Mr,1,31.0,Youngadult,0,1,PC 17590,50.4958,S,0.0,0.0,1.0,0
868,869,"van Melkebeke, Mr. Philemon",Mr,1,28.0,Youngadult,0,3,345777,9.5,S,0.0,0.0,1.0,0
869,870,"Johnson, Master. Harold Theodor",Master,1,4.0,Child,2,3,347742,11.1333,S,0.0,0.0,1.0,1
870,871,"Balkic, Mr. Cerin",Mr,1,26.0,Youngadult,0,3,349248,7.8958,S,0.0,0.0,1.0,0
871,872,"Beckwith, Mrs. Richard Leonard (Sallie Monypeny)",Mrs,0,47.0,Adult,2,1,11751,52.5542,S,0.0,0.0,1.0,1
872,873,"Carlsson, Mr. Frans Olof",Mr,1,33.0,Youngadult,0,1,695,5.0,S,0.0,0.0,1.0,0
873,874,"Vander Cruyssen, Mr. Victor",Mr,1,47.0,Adult,0,3,345765,9.0,S,0.0,0.0,1.0,0
874,875,"Abelson, Mrs. Samuel (Hannah Wizosky)",Mrs,0,28.0,Youngadult,1,2,P/PP 3381,24.0,C,1.0,0.0,0.0,1
875,876,"Najib, Miss. Adele Kiamie ""Jane""",Miss,0,15.0,Teenager,0,3,2667,7.225,C,1.0,0.0,0.0,1
876,877,"Gustafsson, Mr. Alfred Ossian",Mr,1,20.0,Teenager,0,3,7534,9.8458,S,0.0,0.0,1.0,0
877,878,"Petroff, Mr. Nedelio",Mr,1,19.0,Teenager,0,3,349212,7.8958,S,0.0,0.0,1.0,0
878,879,"Laleff, Mr. Kristo",Mr,1,28.0,Youngadult,0,3,349217,7.8958,S,0.0,0.0,1.0,0
879,880,"Potter, Mrs. Thomas Jr (Lily Alexenia Wilson)",Mrs,0,56.0,Adult,1,1,11767,83.1583,C,1.0,0.0,0.0,1
880,881,"Shelley, Mrs. William (Imanita Parrish Hall)",Mrs,0,25.0,Teenager,1,2,230433,26.0,S,0.0,0.0,1.0,1
881,882,"Markun, Mr. Johann",Mr,1,33.0,Youngadult,0,3,349257,7.8958,S,0.0,0.0,1.0,0
882,883,"Dahlberg, Miss. Gerda Ulrika",Miss,0,22.0,Teenager,0,3,7552,10.5167,S,0.0,0.0,1.0,0
883,884,"Banfield, Mr. Frederick James",Mr,1,28.0,Youngadult,0,2,C.A./SOTON 34068,10.5,S,0.0,0.0,1.0,0
884,885,"Sutehall, Mr. Henry Jr",Mr,1,25.0,Teenager,0,3,SOTON/OQ 392076,7.05,S,0.0,0.0,1.0,0
885,886,"Rice, Mrs. William (Margaret Norton)",Mrs,0,39.0,Adult,5,3,382652,29.125,Q,0.0,1.0,0.0,0
886,887,"Montvila, Rev. Juozas",Officer,1,27.0,Youngadult,0,2,211536,13.0,S,0.0,0.0,1.0,0
887,888,"Graham, Miss. Margaret Edith",Miss,0,19.0,Teenager,0,1,112053,30.0,S,0.0,0.0,1.0,1
888,889,"Johnston, Miss. Catherine Helen ""Carrie""",Miss,0,28.0,Youngadult,3,3,W./C. 6607,23.45,S,0.0,0.0,1.0,0
889,890,"Behr, Mr. Karl Howell",Mr,1,26.0,Youngadult,0,1,111369,30.0,C,1.0,0.0,0.0,1
890,891,"Dooley, Mr. Patrick",Mr,1,32.0,Youngadult,0,3,370376,7.75,Q,0.0,1.0,0.0,0
